id,timestamp,runtime(ms),A-X00-Y00,A-X01-Y00,A-X02-Y00,A-X03-Y00,A-X04-Y00,A-X05-Y00,A-X06-Y00,A-X07-Y00,A-X08-Y00,A-X09-Y00,A-X10-Y00,A-X11-Y00,A-X00-Y01,A-X01-Y01,A-X02-Y01,A-X03-Y01,A-X04-Y01,A-X05-Y01,A-X06-Y01,A-X07-Y01,A-X08-Y01,A-X09-Y01,A-X10-Y01,A-X11-Y01,A-X00-Y02,A-X01-Y02,A-X02-Y02,A-X03-Y02,A-X04-Y02,A-X05-Y02,A-X06-Y02,A-X07-Y02,A-X08-Y02,A-X09-Y02,A-X10-Y02,A-X11-Y02,A-X00-Y03,A-X01-Y03,A-X02-Y03,A-X03-Y03,A-X04-Y03,A-X05-Y03,A-X06-Y03,A-X07-Y03,A-X08-Y03,A-X09-Y03,A-X10-Y03,A-X11-Y03,A-X00-Y04,A-X01-Y04,A-X02-Y04,A-X03-Y04,A-X04-Y04,A-X05-Y04,A-X06-Y04,A-X07-Y04,A-X08-Y04,A-X09-Y04,A-X10-Y04,A-X11-Y04,A-X00-Y05,A-X01-Y05,A-X02-Y05,A-X03-Y05,A-X04-Y05,A-X05-Y05,A-X06-Y05,A-X07-Y05,A-X08-Y05,A-X09-Y05,A-X10-Y05,A-X11-Y05,A-X00-Y06,A-X01-Y06,A-X02-Y06,A-X03-Y06,A-X04-Y06,A-X05-Y06,A-X06-Y06,A-X07-Y06,A-X08-Y06,A-X09-Y06,A-X10-Y06,A-X11-Y06,A-X00-Y07,A-X01-Y07,A-X02-Y07,A-X03-Y07,A-X04-Y07,A-X05-Y07,A-X06-Y07,A-X07-Y07,A-X08-Y07,A-X09-Y07,A-X10-Y07,A-X11-Y07,A-X00-Y08,A-X01-Y08,A-X02-Y08,A-X03-Y08,A-X04-Y08,A-X05-Y08,A-X06-Y08,A-X07-Y08,A-X08-Y08,A-X09-Y08,A-X10-Y08,A-X11-Y08,A-X00-Y09,A-X01-Y09,A-X02-Y09,A-X03-Y09,A-X04-Y09,A-X05-Y09,A-X06-Y09,A-X07-Y09,A-X08-Y09,A-X09-Y09,A-X10-Y09,A-X11-Y09
0,20241024-172548,57,2356,0,0,0,0,0,0,0,0,0,0,0,1783,0,0,0,0,0,0,0,0,0,0,0,0,0,0,0,0,0,0,0,0,0,0,0,0,0,0,0,0,0,0,0,0,0,0,0,0,0,0,0,0,0,0,0,0,0,0,0,0,0,0,0,0,0,0,0,0,0,0,0,0,0,0,0,0,0,0,0,0,0,0,0,0,0,0,0,0,0,0,0,0,0,0,0,2312,0,0,0,0,0,0,0,0,0,0,0,2149,0,0,0,0,0,0,0,0,0,0,0
1,20241024-172548,91,2357,0,0,0,0,0,0,0,0,0,0,0,1784,0,0,0,0,0,0,0,0,0,0,0,0,0,0,0,0,0,0,0,0,0,0,0,0,0,0,0,0,0,0,0,0,0,0,0,0,0,0,0,0,0,0,0,0,0,0,0,0,0,0,0,0,0,0,0,0,0,0,0,0,0,0,0,0,0,0,0,0,0,0,0,0,0,0,0,0,0,0,0,0,0,0,0,2313,0,0,0,0,0,0,0,0,0,0,0,2147,0,0,0,0,0,0,0,0,0,0,0
2,20241024-172548,150,2357,0,0,0,0,0,0,0,0,0,0,0,1781,0,0,0,0,0,0,0,0,0,0,0,0,0,0,0,0,0,0,0,0,0,0,0,0,0,0,0,0,0,0,0,0,0,0,0,0,0,0,0,0,0,0,0,0,0,0,0,0,0,0,0,0,0,0,0,0,0,0,0,0,0,0,0,0,0,0,0,0,0,0,0,0,0,0,0,0,0,0,0,0,0,0,0,2313,0,0,0,0,0,0,0,0,0,0,0,2149,0,0,0,0,0,0,0,0,0,0,0
3,20241024-172548,181,2356,0,0,0,0,0,0,0,0,0,0,0,1785,0,0,0,0,0,0,0,0,0,0,0,0,0,0,0,0,0,0,0,0,0,0,0,0,0,0,0,0,0,0,0,0,0,0,0,0,0,0,0,0,0,0,0,0,0,0,0,0,0,0,0,0,0,0,0,0,0,0,0,0,0,0,0,0,0,0,0,0,0,0,0,0,0,0,0,0,0,0,0,0,0,0,0,2322,0,0,0,0,0,0,0,0,0,0,0,2143,0,0,0,0,0,0,0,0,0,0,0
4,20241024-172548,210,2357,0,0,0,0,0,0,0,0,0,0,0,1785,0,0,0,0,0,0,0,0,0,0,0,0,0,0,0,0,0,0,0,0,0,0,0,0,0,0,0,0,0,0,0,0,0,0,0,0,0,0,0,0,0,0,0,0,0,0,0,0,0,0,0,0,0,0,0,0,0,0,0,0,0,0,0,0,0,0,0,0,0,0,0,0,0,0,0,0,0,0,0,0,0,0,0,2317,0,0,0,0,0,0,0,0,0,0,0,2137,0,0,0,0,0,0,0,0,0,0,0
5,20241024-172548,244,2357,0,0,0,0,0,0,0,0,0,0,0,1785,0,0,0,0,0,0,0,0,0,0,0,0,0,0,0,0,0,0,0,0,0,0,0,0,0,0,0,0,0,0,0,0,0,0,0,0,0,0,0,0,0,0,0,0,0,0,0,0,0,0,0,0,0,0,0,0,0,0,0,0,0,0,0,0,0,0,0,0,0,0,0,0,0,0,0,0,0,0,0,0,0,0,0,2315,0,0,0,0,0,0,0,0,0,0,0,2131,0,0,0,0,0,0,0,0,0,0,0
6,20241024-172548,294,2359,0,0,0,0,0,0,0,0,0,0,0,1784,0,0,0,0,0,0,0,0,0,0,0,0,0,0,0,0,0,0,0,0,0,0,0,0,0,0,0,0,0,0,0,0,0,0,0,0,0,0,0,0,0,0,0,0,0,0,0,0,0,0,0,0,0,0,0,0,0,0,0,0,0,0,0,0,0,0,0,0,0,0,0,0,0,0,0,0,0,0,0,0,0,0,0,2326,0,0,0,0,0,0,0,0,0,0,0,2117,0,0,0,0,0,0,0,0,0,0,0
7,20241024-172548,347,2359,0,0,0,0,0,0,0,0,0,0,0,1788,0,0,0,0,0,0,0,0,0,0,0,0,0,0,0,0,0,0,0,0,0,0,0,0,0,0,0,0,0,0,0,0,0,0,0,0,0,0,0,0,0,0,0,0,0,0,0,0,0,0,0,0,0,0,0,0,0,0,0,0,0,0,0,0,0,0,0,0,0,0,0,0,0,0,0,0,0,0,0,0,0,0,0,2331,0,0,0,0,0,0,0,0,0,0,0,2121,0,0,0,0,0,0,0,0,0,0,0
8,20241024-172548,393,2348,0,0,0,0,0,0,0,0,0,0,0,1789,0,0,0,0,0,0,0,0,0,0,0,0,0,0,0,0,0,0,0,0,0,0,0,0,0,0,0,0,0,0,0,0,0,0,0,0,0,0,0,0,0,0,0,0,0,0,0,0,0,0,0,0,0,0,0,0,0,0,0,0,0,0,0,0,0,0,0,0,0,0,0,0,0,0,0,0,0,0,0,0,0,0,0,2325,0,0,0,0,0,0,0,0,0,0,0,2140,0,0,0,0,0,0,0,0,0,0,0
9,20241024-172548,427,2359,0,0,0,0,0,0,0,0,0,0,0,1788,0,0,0,0,0,0,0,0,0,0,0,0,0,0,0,0,0,0,0,0,0,0,0,0,0,0,0,0,0,0,0,0,0,0,0,0,0,0,0,0,0,0,0,0,0,0,0,0,0,0,0,0,0,0,0,0,0,0,0,0,0,0,0,0,0,0,0,0,0,0,0,0,0,0,0,0,0,0,0,0,0,0,0,2323,0,0,0,0,0,0,0,0,0,0,0,2131,0,0,0,0,0,0,0,0,0,0,0
10,20241024-172548,460,2360,0,0,0,0,0,0,0,0,0,0,0,1791,0,0,0,0,0,0,0,0,0,0,0,0,0,0,0,0,0,0,0,0,0,0,0,0,0,0,0,0,0,0,0,0,0,0,0,0,0,0,0,0,0,0,0,0,0,0,0,0,0,0,0,0,0,0,0,0,0,0,0,0,0,0,0,0,0,0,0,0,0,0,0,0,0,0,0,0,0,0,0,0,0,0,0,2333,0,0,0,0,0,0,0,0,0,0,0,2127,0,0,0,0,0,0,0,0,0,0,0
11,20241024-172548,494,2359,0,0,0,0,0,0,0,0,0,0,0,1789,0,0,0,0,0,0,0,0,0,0,0,0,0,0,0,0,0,0,0,0,0,0,0,0,0,0,0,0,0,0,0,0,0,0,0,0,0,0,0,0,0,0,0,0,0,0,0,0,0,0,0,0,0,0,0,0,0,0,0,0,0,0,0,0,0,0,0,0,0,0,0,0,0,0,0,0,0,0,0,0,0,0,0,2331,0,0,0,0,0,0,0,0,0,0,0,2125,0,0,0,0,0,0,0,0,0,0,0
12,20241024-172549,546,2359,0,0,0,0,0,0,0,0,0,0,0,1787,0,0,0,0,0,0,0,0,0,0,0,0,0,0,0,0,0,0,0,0,0,0,0,0,0,0,0,0,0,0,0,0,0,0,0,0,0,0,0,0,0,0,0,0,0,0,0,0,0,0,0,0,0,0,0,0,0,0,0,0,0,0,0,0,0,0,0,0,0,0,0,0,0,0,0,0,0,0,0,0,0,0,0,2329,0,0,0,0,0,0,0,0,0,0,0,2123,0,0,0,0,0,0,0,0,0,0,0
13,20241024-172549,577,2359,0,0,0,0,0,0,0,0,0,0,0,1791,0,0,0,0,0,0,0,0,0,0,0,0,0,0,0,0,0,0,0,0,0,0,0,0,0,0,0,0,0,0,0,0,0,0,0,0,0,0,0,0,0,0,0,0,0,0,0,0,0,0,0,0,0,0,0,0,0,0,0,0,0,0,0,0,0,0,0,0,0,0,0,0,0,0,0,0,0,0,0,0,0,0,0,2335,0,0,0,0,0,0,0,0,0,0,0,2111,0,0,0,0,0,0,0,0,0,0,0
14,20241024-172549,609,2360,0,0,0,0,0,0,0,0,0,0,0,1797,0,0,0,0,0,0,0,0,0,0,0,0,0,0,0,0,0,0,0,0,0,0,0,0,0,0,0,0,0,0,0,0,0,0,0,0,0,0,0,0,0,0,0,0,0,0,0,0,0,0,0,0,0,0,0,0,0,0,0,0,0,0,0,0,0,0,0,0,0,0,0,0,0,0,0,0,0,0,0,0,0,0,0,2341,0,0,0,0,0,0,0,0,0,0,0,2101,0,0,0,0,0,0,0,0,0,0,0
15,20241024-172549,645,2359,0,0,0,0,0,0,0,0,0,0,0,1797,0,0,0,0,0,0,0,0,0,0,0,0,0,0,0,0,0,0,0,0,0,0,0,0,0,0,0,0,0,0,0,0,0,0,0,0,0,0,0,0,0,0,0,0,0,0,0,0,0,0,0,0,0,0,0,0,0,0,0,0,0,0,0,0,0,0,0,0,0,0,0,0,0,0,0,0,0,0,0,0,0,0,0,2341,0,0,0,0,0,0,0,0,0,0,0,2118,0,0,0,0,0,0,0,0,0,0,0
16,20241024-172549,710,2359,0,0,0,0,0,0,0,0,0,0,0,1797,0,0,0,0,0,0,0,0,0,0,0,0,0,0,0,0,0,0,0,0,0,0,0,0,0,0,0,0,0,0,0,0,0,0,0,0,0,0,0,0,0,0,0,0,0,0,0,0,0,0,0,0,0,0,0,0,0,0,0,0,0,0,0,0,0,0,0,0,0,0,0,0,0,0,0,0,0,0,0,0,0,0,0,2313,0,0,0,0,0,0,0,0,0,0,0,2137,0,0,0,0,0,0,0,0,0,0,0
17,20241024-172549,744,2365,0,0,0,0,0,0,0,0,0,0,0,1801,0,0,0,0,0,0,0,0,0,0,0,0,0,0,0,0,0,0,0,0,0,0,0,0,0,0,0,0,0,0,0,0,0,0,0,0,0,0,0,0,0,0,0,0,0,0,0,0,0,0,0,0,0,0,0,0,0,0,0,0,0,0,0,0,0,0,0,0,0,0,0,0,0,0,0,0,0,0,0,0,0,0,0,2333,0,0,0,0,0,0,0,0,0,0,0,2136,0,0,0,0,0,0,0,0,0,0,0
18,20241024-172549,777,2360,0,0,0,0,0,0,0,0,0,0,0,1799,0,0,0,0,0,0,0,0,0,0,0,0,0,0,0,0,0,0,0,0,0,0,0,0,0,0,0,0,0,0,0,0,0,0,0,0,0,0,0,0,0,0,0,0,0,0,0,0,0,0,0,0,0,0,0,0,0,0,0,0,0,0,0,0,0,0,0,0,0,0,0,0,0,0,0,0,0,0,0,0,0,0,0,2335,0,0,0,0,0,0,0,0,0,0,0,2119,0,0,0,0,0,0,0,0,0,0,0
19,20241024-172549,827,2361,0,0,0,0,0,0,0,0,0,0,0,1801,0,0,0,0,0,0,0,0,0,0,0,0,0,0,0,0,0,0,0,0,0,0,0,0,0,0,0,0,0,0,0,0,0,0,0,0,0,0,0,0,0,0,0,0,0,0,0,0,0,0,0,0,0,0,0,0,0,0,0,0,0,0,0,0,0,0,0,0,0,0,0,0,0,0,0,0,0,0,0,0,0,0,0,2333,0,0,0,0,0,0,0,0,0,0,0,2119,0,0,0,0,0,0,0,0,0,0,0
20,20241024-172549,859,2365,0,0,0,0,0,0,0,0,0,0,0,1789,0,0,0,0,0,0,0,0,0,0,0,0,0,0,0,0,0,0,0,0,0,0,0,0,0,0,0,0,0,0,0,0,0,0,0,0,0,0,0,0,0,0,0,0,0,0,0,0,0,0,0,0,0,0,0,0,0,0,0,0,0,0,0,0,0,0,0,0,0,0,0,0,0,0,0,0,0,0,0,0,0,0,0,2329,0,0,0,0,0,0,0,0,0,0,0,2103,0,0,0,0,0,0,0,0,0,0,0
21,20241024-172549,893,2363,0,0,0,0,0,0,0,0,0,0,0,1789,0,0,0,0,0,0,0,0,0,0,0,0,0,0,0,0,0,0,0,0,0,0,0,0,0,0,0,0,0,0,0,0,0,0,0,0,0,0,0,0,0,0,0,0,0,0,0,0,0,0,0,0,0,0,0,0,0,0,0,0,0,0,0,0,0,0,0,0,0,0,0,0,0,0,0,0,0,0,0,0,0,0,0,2344,0,0,0,0,0,0,0,0,0,0,0,2079,0,0,0,0,0,0,0,0,0,0,0
22,20241024-172549,926,2361,0,0,0,0,0,0,0,0,0,0,0,1797,0,0,0,0,0,0,0,0,0,0,0,0,0,0,0,0,0,0,0,0,0,0,0,0,0,0,0,0,0,0,0,0,0,0,0,0,0,0,0,0,0,0,0,0,0,0,0,0,0,0,0,0,0,0,0,0,0,0,0,0,0,0,0,0,0,0,0,0,0,0,0,0,0,0,0,0,0,0,0,0,0,0,0,2347,0,0,0,0,0,0,0,0,0,0,0,2077,0,0,0,0,0,0,0,0,0,0,0
23,20241024-172549,976,2359,0,0,0,0,0,0,0,0,0,0,0,1789,0,0,0,0,0,0,0,0,0,0,0,0,0,0,0,0,0,0,0,0,0,0,0,0,0,0,0,0,0,0,0,0,0,0,0,0,0,0,0,0,0,0,0,0,0,0,0,0,0,0,0,0,0,0,0,0,0,0,0,0,0,0,0,0,0,0,0,0,0,0,0,0,0,0,0,0,0,0,0,0,0,0,0,2329,0,0,0,0,0,0,0,0,0,0,0,2117,0,0,0,0,0,0,0,0,0,0,0
24,20241024-172549,1010,2363,0,0,0,0,0,0,0,0,0,0,0,1782,0,0,0,0,0,0,0,0,0,0,0,0,0,0,0,0,0,0,0,0,0,0,0,0,0,0,0,0,0,0,0,0,0,0,0,0,0,0,0,0,0,0,0,0,0,0,0,0,0,0,0,0,0,0,0,0,0,0,0,0,0,0,0,0,0,0,0,0,0,0,0,0,0,0,0,0,0,0,0,0,0,0,0,2317,0,0,0,0,0,0,0,0,0,0,0,2142,0,0,0,0,0,0,0,0,0,0,0
25,20241024-172549,1043,2365,0,0,0,0,0,0,0,0,0,0,0,1785,0,0,0,0,0,0,0,0,0,0,0,0,0,0,0,0,0,0,0,0,0,0,0,0,0,0,0,0,0,0,0,0,0,0,0,0,0,0,0,0,0,0,0,0,0,0,0,0,0,0,0,0,0,0,0,0,0,0,0,0,0,0,0,0,0,0,0,0,0,0,0,0,0,0,0,0,0,0,0,0,0,0,0,2329,0,0,0,0,0,0,0,0,0,0,0,2139,0,0,0,0,0,0,0,0,0,0,0
26,20241024-172549,1111,2363,0,0,0,0,0,0,0,0,0,0,0,1798,0,0,0,0,0,0,0,0,0,0,0,0,0,0,0,0,0,0,0,0,0,0,0,0,0,0,0,0,0,0,0,0,0,0,0,0,0,0,0,0,0,0,0,0,0,0,0,0,0,0,0,0,0,0,0,0,0,0,0,0,0,0,0,0,0,0,0,0,0,0,0,0,0,0,0,0,0,0,0,0,0,0,0,2340,0,0,0,0,0,0,0,0,0,0,0,2111,0,0,0,0,0,0,0,0,0,0,0
27,20241024-172549,1145,2367,0,0,0,0,0,0,0,0,0,0,0,1791,0,0,0,0,0,0,0,0,0,0,0,0,0,0,0,0,0,0,0,0,0,0,0,0,0,0,0,0,0,0,0,0,0,0,0,0,0,0,0,0,0,0,0,0,0,0,0,0,0,0,0,0,0,0,0,0,0,0,0,0,0,0,0,0,0,0,0,0,0,0,0,0,0,0,0,0,0,0,0,0,0,0,0,2357,0,0,0,0,0,0,0,0,0,0,0,2092,0,0,0,0,0,0,0,0,0,0,0
28,20241024-172549,1178,2364,0,0,0,0,0,0,0,0,0,0,0,1789,0,0,0,0,0,0,0,0,0,0,0,0,0,0,0,0,0,0,0,0,0,0,0,0,0,0,0,0,0,0,0,0,0,0,0,0,0,0,0,0,0,0,0,0,0,0,0,0,0,0,0,0,0,0,0,0,0,0,0,0,0,0,0,0,0,0,0,0,0,0,0,0,0,0,0,0,0,0,0,0,0,0,0,2358,0,0,0,0,0,0,0,0,0,0,0,2065,0,0,0,0,0,0,0,0,0,0,0
29,20241024-172549,1211,2363,0,0,0,0,0,0,0,0,0,0,0,1789,0,0,0,0,0,0,0,0,0,0,0,0,0,0,0,0,0,0,0,0,0,0,0,0,0,0,0,0,0,0,0,0,0,0,0,0,0,0,0,0,0,0,0,0,0,0,0,0,0,0,0,0,0,0,0,0,0,0,0,0,0,0,0,0,0,0,0,0,0,0,0,0,0,0,0,0,0,0,0,0,0,0,0,2368,0,0,0,0,0,0,0,0,0,0,0,2067,0,0,0,0,0,0,0,0,0,0,0
30,20241024-172549,1262,2365,0,0,0,0,0,0,0,0,0,0,0,1787,0,0,0,0,0,0,0,0,0,0,0,0,0,0,0,0,0,0,0,0,0,0,0,0,0,0,0,0,0,0,0,0,0,0,0,0,0,0,0,0,0,0,0,0,0,0,0,0,0,0,0,0,0,0,0,0,0,0,0,0,0,0,0,0,0,0,0,0,0,0,0,0,0,0,0,0,0,0,0,0,0,0,0,2359,0,0,0,0,0,0,0,0,0,0,0,2085,0,0,0,0,0,0,0,0,0,0,0
31,20241024-172549,1293,2363,0,0,0,0,0,0,0,0,0,0,0,1784,0,0,0,0,0,0,0,0,0,0,0,0,0,0,0,0,0,0,0,0,0,0,0,0,0,0,0,0,0,0,0,0,0,0,0,0,0,0,0,0,0,0,0,0,0,0,0,0,0,0,0,0,0,0,0,0,0,0,0,0,0,0,0,0,0,0,0,0,0,0,0,0,0,0,0,0,0,0,0,0,0,0,0,2351,0,0,0,0,0,0,0,0,0,0,0,2085,0,0,0,0,0,0,0,0,0,0,0
32,20241024-172549,1329,2364,0,0,0,0,0,0,0,0,0,0,0,1787,0,0,0,0,0,0,0,0,0,0,0,0,0,0,0,0,0,0,0,0,0,0,0,0,0,0,0,0,0,0,0,0,0,0,0,0,0,0,0,0,0,0,0,0,0,0,0,0,0,0,0,0,0,0,0,0,0,0,0,0,0,0,0,0,0,0,0,0,0,0,0,0,0,0,0,0,0,0,0,0,0,0,0,2361,0,0,0,0,0,0,0,0,0,0,0,2087,0,0,0,0,0,0,0,0,0,0,0
33,20241024-172549,1376,2363,0,0,0,0,0,0,0,0,0,0,0,1785,0,0,0,0,0,0,0,0,0,0,0,0,0,0,0,0,0,0,0,0,0,0,0,0,0,0,0,0,0,0,0,0,0,0,0,0,0,0,0,0,0,0,0,0,0,0,0,0,0,0,0,0,0,0,0,0,0,0,0,0,0,0,0,0,0,0,0,0,0,0,0,0,0,0,0,0,0,0,0,0,0,0,0,2361,0,0,0,0,0,0,0,0,0,0,0,2085,0,0,0,0,0,0,0,0,0,0,0
34,20241024-172549,1410,2363,0,0,0,0,0,0,0,0,0,0,0,1784,0,0,0,0,0,0,0,0,0,0,0,0,0,0,0,0,0,0,0,0,0,0,0,0,0,0,0,0,0,0,0,0,0,0,0,0,0,0,0,0,0,0,0,0,0,0,0,0,0,0,0,0,0,0,0,0,0,0,0,0,0,0,0,0,0,0,0,0,0,0,0,0,0,0,0,0,0,0,0,0,0,0,0,2365,0,0,0,0,0,0,0,0,0,0,0,2084,0,0,0,0,0,0,0,0,0,0,0
35,20241024-172549,1460,2364,0,0,0,0,0,0,0,0,0,0,0,1784,0,0,0,0,0,0,0,0,0,0,0,0,0,0,0,0,0,0,0,0,0,0,0,0,0,0,0,0,0,0,0,0,0,0,0,0,0,0,0,0,0,0,0,0,0,0,0,0,0,0,0,0,0,0,0,0,0,0,0,0,0,0,0,0,0,0,0,0,0,0,0,0,0,0,0,0,0,0,0,0,0,0,0,2363,0,0,0,0,0,0,0,0,0,0,0,2087,0,0,0,0,0,0,0,0,0,0,0
36,20241024-172550,1510,2373,0,0,0,0,0,0,0,0,0,0,0,1786,0,0,0,0,0,0,0,0,0,0,0,0,0,0,0,0,0,0,0,0,0,0,0,0,0,0,0,0,0,0,0,0,0,0,0,0,0,0,0,0,0,0,0,0,0,0,0,0,0,0,0,0,0,0,0,0,0,0,0,0,0,0,0,0,0,0,0,0,0,0,0,0,0,0,0,0,0,0,0,0,0,0,0,2373,0,0,0,0,0,0,0,0,0,0,0,2087,0,0,0,0,0,0,0,0,0,0,0
37,20241024-172550,1545,2373,0,0,0,0,0,0,0,0,0,0,0,1785,0,0,0,0,0,0,0,0,0,0,0,0,0,0,0,0,0,0,0,0,0,0,0,0,0,0,0,0,0,0,0,0,0,0,0,0,0,0,0,0,0,0,0,0,0,0,0,0,0,0,0,0,0,0,0,0,0,0,0,0,0,0,0,0,0,0,0,0,0,0,0,0,0,0,0,0,0,0,0,0,0,0,0,2364,0,0,0,0,0,0,0,0,0,0,0,2085,0,0,0,0,0,0,0,0,0,0,0
38,20241024-172550,1586,2363,0,0,0,0,0,0,0,0,0,0,0,1785,0,0,0,0,0,0,0,0,0,0,0,0,0,0,0,0,0,0,0,0,0,0,0,0,0,0,0,0,0,0,0,0,0,0,0,0,0,0,0,0,0,0,0,0,0,0,0,0,0,0,0,0,0,0,0,0,0,0,0,0,0,0,0,0,0,0,0,0,0,0,0,0,0,0,0,0,0,0,0,0,0,0,0,2365,0,0,0,0,0,0,0,0,0,0,0,2091,0,0,0,0,0,0,0,0,0,0,0
39,20241024-172550,1623,2363,0,0,0,0,0,0,0,0,0,0,0,1783,0,0,0,0,0,0,0,0,0,0,0,0,0,0,0,0,0,0,0,0,0,0,0,0,0,0,0,0,0,0,0,0,0,0,0,0,0,0,0,0,0,0,0,0,0,0,0,0,0,0,0,0,0,0,0,0,0,0,0,0,0,0,0,0,0,0,0,0,0,0,0,0,0,0,0,0,0,0,0,0,0,0,0,2361,0,0,0,0,0,0,0,0,0,0,0,2095,0,0,0,0,0,0,0,0,0,0,0
40,20241024-172550,1657,2363,0,0,0,0,0,0,0,0,0,0,0,1781,0,0,0,0,0,0,0,0,0,0,0,0,0,0,0,0,0,0,0,0,0,0,0,0,0,0,0,0,0,0,0,0,0,0,0,0,0,0,0,0,0,0,0,0,0,0,0,0,0,0,0,0,0,0,0,0,0,0,0,0,0,0,0,0,0,0,0,0,0,0,0,0,0,0,0,0,0,0,0,0,0,0,0,2363,0,0,0,0,0,0,0,0,0,0,0,2103,0,0,0,0,0,0,0,0,0,0,0
41,20241024-172550,1704,2363,0,0,0,0,0,0,0,0,0,0,0,1785,0,0,0,0,0,0,0,0,0,0,0,0,0,0,0,0,0,0,0,0,0,0,0,0,0,0,0,0,0,0,0,0,0,0,0,0,0,0,0,0,0,0,0,0,0,0,0,0,0,0,0,0,0,0,0,0,0,0,0,0,0,0,0,0,0,0,0,0,0,0,0,0,0,0,0,0,0,0,0,0,0,0,0,2361,0,0,0,0,0,0,0,0,0,0,0,2108,0,0,0,0,0,0,0,0,0,0,0
42,20241024-172550,1736,2363,0,0,0,0,0,0,0,0,0,0,0,1785,0,0,0,0,0,0,0,0,0,0,0,0,0,0,0,0,0,0,0,0,0,0,0,0,0,0,0,0,0,0,0,0,0,0,0,0,0,0,0,0,0,0,0,0,0,0,0,0,0,0,0,0,0,0,0,0,0,0,0,0,0,0,0,0,0,0,0,0,0,0,0,0,0,0,0,0,0,0,0,0,0,0,0,2348,0,0,0,0,0,0,0,0,0,0,0,2117,0,0,0,0,0,0,0,0,0,0,0
43,20241024-172550,1770,2362,0,0,0,0,0,0,0,0,0,0,0,1783,0,0,0,0,0,0,0,0,0,0,0,0,0,0,0,0,0,0,0,0,0,0,0,0,0,0,0,0,0,0,0,0,0,0,0,0,0,0,0,0,0,0,0,0,0,0,0,0,0,0,0,0,0,0,0,0,0,0,0,0,0,0,0,0,0,0,0,0,0,0,0,0,0,0,0,0,0,0,0,0,0,0,0,2343,0,0,0,0,0,0,0,0,0,0,0,2124,0,0,0,0,0,0,0,0,0,0,0
44,20241024-172550,1802,2363,0,0,0,0,0,0,0,0,0,0,0,1781,0,0,0,0,0,0,0,0,0,0,0,0,0,0,0,0,0,0,0,0,0,0,0,0,0,0,0,0,0,0,0,0,0,0,0,0,0,0,0,0,0,0,0,0,0,0,0,0,0,0,0,0,0,0,0,0,0,0,0,0,0,0,0,0,0,0,0,0,0,0,0,0,0,0,0,0,0,0,0,0,0,0,0,2341,0,0,0,0,0,0,0,0,0,0,0,2123,0,0,0,0,0,0,0,0,0,0,0
45,20241024-172550,1869,2360,0,0,0,0,0,0,0,0,0,0,0,1783,0,0,0,0,0,0,0,0,0,0,0,0,0,0,0,0,0,0,0,0,0,0,0,0,0,0,0,0,0,0,0,0,0,0,0,0,0,0,0,0,0,0,0,0,0,0,0,0,0,0,0,0,0,0,0,0,0,0,0,0,0,0,0,0,0,0,0,0,0,0,0,0,0,0,0,0,0,0,0,0,0,0,0,2342,0,0,0,0,0,0,0,0,0,0,0,2125,0,0,0,0,0,0,0,0,0,0,0
46,20241024-172550,1903,2367,0,0,0,0,0,0,0,0,0,0,0,1785,0,0,0,0,0,0,0,0,0,0,0,0,0,0,0,0,0,0,0,0,0,0,0,0,0,0,0,0,0,0,0,0,0,0,0,0,0,0,0,0,0,0,0,0,0,0,0,0,0,0,0,0,0,0,0,0,0,0,0,0,0,0,0,0,0,0,0,0,0,0,0,0,0,0,0,0,0,0,0,0,0,0,0,2344,0,0,0,0,0,0,0,0,0,0,0,2137,0,0,0,0,0,0,0,0,0,0,0
47,20241024-172550,1938,2374,0,0,0,0,0,0,0,0,0,0,0,1783,0,0,0,0,0,0,0,0,0,0,0,0,0,0,0,0,0,0,0,0,0,0,0,0,0,0,0,0,0,0,0,0,0,0,0,0,0,0,0,0,0,0,0,0,0,0,0,0,0,0,0,0,0,0,0,0,0,0,0,0,0,0,0,0,0,0,0,0,0,0,0,0,0,0,0,0,0,0,0,0,0,0,0,2335,0,0,0,0,0,0,0,0,0,0,0,2135,0,0,0,0,0,0,0,0,0,0,0
48,20241024-172550,1984,2363,0,0,0,0,0,0,0,0,0,0,0,1781,0,0,0,0,0,0,0,0,0,0,0,0,0,0,0,0,0,0,0,0,0,0,0,0,0,0,0,0,0,0,0,0,0,0,0,0,0,0,0,0,0,0,0,0,0,0,0,0,0,0,0,0,0,0,0,0,0,0,0,0,0,0,0,0,0,0,0,0,0,0,0,0,0,0,0,0,0,0,0,0,0,0,0,2341,0,0,0,0,0,0,0,0,0,0,0,2136,0,0,0,0,0,0,0,0,0,0,0
49,20241024-172550,2019,2364,0,0,0,0,0,0,0,0,0,0,0,1782,0,0,0,0,0,0,0,0,0,0,0,0,0,0,0,0,0,0,0,0,0,0,0,0,0,0,0,0,0,0,0,0,0,0,0,0,0,0,0,0,0,0,0,0,0,0,0,0,0,0,0,0,0,0,0,0,0,0,0,0,0,0,0,0,0,0,0,0,0,0,0,0,0,0,0,0,0,0,0,0,0,0,0,2340,0,0,0,0,0,0,0,0,0,0,0,2127,0,0,0,0,0,0,0,0,0,0,0
50,20241024-172550,2054,2362,0,0,0,0,0,0,0,0,0,0,0,1783,0,0,0,0,0,0,0,0,0,0,0,0,0,0,0,0,0,0,0,0,0,0,0,0,0,0,0,0,0,0,0,0,0,0,0,0,0,0,0,0,0,0,0,0,0,0,0,0,0,0,0,0,0,0,0,0,0,0,0,0,0,0,0,0,0,0,0,0,0,0,0,0,0,0,0,0,0,0,0,0,0,0,0,2343,0,0,0,0,0,0,0,0,0,0,0,2125,0,0,0,0,0,0,0,0,0,0,0
51,20241024-172550,2103,2364,0,0,0,0,0,0,0,0,0,0,0,1783,0,0,0,0,0,0,0,0,0,0,0,0,0,0,0,0,0,0,0,0,0,0,0,0,0,0,0,0,0,0,0,0,0,0,0,0,0,0,0,0,0,0,0,0,0,0,0,0,0,0,0,0,0,0,0,0,0,0,0,0,0,0,0,0,0,0,0,0,0,0,0,0,0,0,0,0,0,0,0,0,0,0,0,2341,0,0,0,0,0,0,0,0,0,0,0,2131,0,0,0,0,0,0,0,0,0,0,0
52,20241024-172550,2137,2363,0,0,0,0,0,0,0,0,0,0,0,1783,0,0,0,0,0,0,0,0,0,0,0,0,0,0,0,0,0,0,0,0,0,0,0,0,0,0,0,0,0,0,0,0,0,0,0,0,0,0,0,0,0,0,0,0,0,0,0,0,0,0,0,0,0,0,0,0,0,0,0,0,0,0,0,0,0,0,0,0,0,0,0,0,0,0,0,0,0,0,0,0,0,0,0,2343,0,0,0,0,0,0,0,0,0,0,0,2134,0,0,0,0,0,0,0,0,0,0,0
53,20241024-172550,2170,2365,0,0,0,0,0,0,0,0,0,0,0,1783,0,0,0,0,0,0,0,0,0,0,0,0,0,0,0,0,0,0,0,0,0,0,0,0,0,0,0,0,0,0,0,0,0,0,0,0,0,0,0,0,0,0,0,0,0,0,0,0,0,0,0,0,0,0,0,0,0,0,0,0,0,0,0,0,0,0,0,0,0,0,0,0,0,0,0,0,0,0,0,0,0,0,0,2343,0,0,0,0,0,0,0,0,0,0,0,2133,0,0,0,0,0,0,0,0,0,0,0
54,20241024-172550,2225,2365,0,0,0,0,0,0,0,0,0,0,0,1783,0,0,0,0,0,0,0,0,0,0,0,0,0,0,0,0,0,0,0,0,0,0,0,0,0,0,0,0,0,0,0,0,0,0,0,0,0,0,0,0,0,0,0,0,0,0,0,0,0,0,0,0,0,0,0,0,0,0,0,0,0,0,0,0,0,0,0,0,0,0,0,0,0,0,0,0,0,0,0,0,0,0,0,2347,0,0,0,0,0,0,0,0,0,0,0,2133,0,0,0,0,0,0,0,0,0,0,0
55,20241024-172550,2275,2366,0,0,0,0,0,0,0,0,0,0,0,1784,0,0,0,0,0,0,0,0,0,0,0,0,0,0,0,0,0,0,0,0,0,0,0,0,0,0,0,0,0,0,0,0,0,0,0,0,0,0,0,0,0,0,0,0,0,0,0,0,0,0,0,0,0,0,0,0,0,0,0,0,0,0,0,0,0,0,0,0,0,0,0,0,0,0,0,0,0,0,0,0,0,0,0,2355,0,0,0,0,0,0,0,0,0,0,0,2139,0,0,0,0,0,0,0,0,0,0,0
56,20241024-172550,2311,2363,0,0,0,0,0,0,0,0,0,0,0,1775,0,0,0,0,0,0,0,0,0,0,0,0,0,0,0,0,0,0,0,0,0,0,0,0,0,0,0,0,0,0,0,0,0,0,0,0,0,0,0,0,0,0,0,0,0,0,0,0,0,0,0,0,0,0,0,0,0,0,0,0,0,0,0,0,0,0,0,0,0,0,0,0,0,0,0,0,0,0,0,0,0,0,0,2348,0,0,0,0,0,0,0,0,0,0,0,2142,0,0,0,0,0,0,0,0,0,0,0
57,20241024-172550,2335,2362,0,0,0,0,0,0,0,0,0,0,0,1779,0,0,0,0,0,0,0,0,0,0,0,0,0,0,0,0,0,0,0,0,0,0,0,0,0,0,0,0,0,0,0,0,0,0,0,0,0,0,0,0,0,0,0,0,0,0,0,0,0,0,0,0,0,0,0,0,0,0,0,0,0,0,0,0,0,0,0,0,0,0,0,0,0,0,0,0,0,0,0,0,0,0,0,2348,0,0,0,0,0,0,0,0,0,0,0,2141,0,0,0,0,0,0,0,0,0,0,0
58,20241024-172550,2386,2360,0,0,0,0,0,0,0,0,0,0,0,1779,0,0,0,0,0,0,0,0,0,0,0,0,0,0,0,0,0,0,0,0,0,0,0,0,0,0,0,0,0,0,0,0,0,0,0,0,0,0,0,0,0,0,0,0,0,0,0,0,0,0,0,0,0,0,0,0,0,0,0,0,0,0,0,0,0,0,0,0,0,0,0,0,20,0,0,0,0,0,0,0,0,0,0,2351,0,0,0,0,0,0,0,0,0,0,0,2143,0,0,0,0,0,0,0,0,0,0,0
59,20241024-172550,2420,2359,0,0,0,0,0,0,0,0,0,0,0,1776,0,0,0,0,0,0,0,0,0,0,0,0,0,0,0,0,0,0,0,0,0,0,0,0,0,0,0,0,0,0,0,0,0,0,0,0,0,0,0,0,0,0,0,0,0,0,0,0,0,0,0,0,0,0,0,0,0,0,0,0,0,0,0,0,0,0,0,0,0,0,0,0,0,0,0,0,0,0,0,0,0,0,0,2358,0,0,0,0,0,0,0,0,0,0,0,2141,0,0,0,0,0,0,0,0,0,0,0
60,20241024-172550,2453,2359,0,0,0,0,0,0,0,0,0,0,0,1773,0,0,0,0,0,0,0,0,0,0,0,0,0,0,0,0,0,0,0,0,0,0,0,0,0,0,0,0,0,0,0,0,0,0,0,0,0,0,0,0,0,0,0,0,0,0,0,0,0,0,0,0,0,0,0,0,0,0,0,0,0,0,0,0,0,0,0,0,0,0,0,0,22,0,0,0,0,0,0,0,0,0,0,2350,0,0,0,0,0,0,0,0,0,0,0,2149,0,0,0,0,0,0,0,0,0,0,0
61,20241024-172550,2489,2360,0,0,0,0,0,0,0,0,0,0,0,1771,0,0,0,0,0,0,0,0,0,0,0,0,0,0,0,0,0,0,0,0,0,0,0,0,0,0,0,0,0,0,0,0,0,0,0,0,0,0,0,0,0,0,0,0,0,0,0,0,0,0,0,0,0,0,0,0,0,0,0,0,0,0,0,0,0,0,0,0,0,0,0,0,35,0,0,0,0,0,0,0,0,0,0,2351,0,0,0,0,0,0,0,0,0,0,0,2149,0,0,0,0,0,0,0,0,0,0,0
62,20241024-172551,2542,2361,0,0,0,0,0,0,0,0,0,0,0,1775,0,0,0,0,0,0,0,0,0,0,0,0,0,0,0,0,0,0,0,0,0,0,0,0,0,0,0,0,0,0,0,0,0,0,0,0,0,0,0,0,0,0,0,0,0,0,0,0,0,0,0,0,0,0,0,0,0,0,0,0,0,0,0,0,0,0,0,0,0,0,0,0,57,0,0,0,0,0,0,0,0,0,0,2355,0,0,0,0,0,0,0,0,0,0,0,2151,0,0,0,0,0,0,0,0,0,0,0
63,20241024-172551,2570,2359,0,0,0,0,0,0,0,0,0,0,0,1775,0,0,0,0,0,0,0,0,0,0,0,0,0,0,0,0,0,0,0,0,0,0,0,0,0,0,0,0,0,0,0,0,0,0,0,0,0,0,0,0,0,0,0,0,0,0,0,0,0,0,0,0,0,0,0,0,0,0,0,0,0,0,0,0,0,0,0,0,0,0,0,0,73,0,0,0,0,0,0,0,0,0,0,2355,0,0,0,0,0,0,0,0,0,0,0,2152,0,0,0,0,0,0,0,0,0,0,0
64,20241024-172551,2620,2357,0,0,0,0,0,0,0,0,0,0,0,1775,0,0,0,0,0,0,0,0,0,0,0,0,0,0,0,0,0,0,0,0,0,0,0,0,0,0,0,0,0,0,0,0,0,0,0,0,0,0,0,0,0,0,0,0,0,0,0,0,0,0,0,0,0,0,0,0,0,0,0,0,0,0,0,0,0,0,0,0,0,0,0,0,77,0,0,0,0,0,0,0,0,0,0,2350,0,0,0,0,0,0,0,0,0,0,0,2153,0,0,0,0,0,0,0,0,0,0,0
65,20241024-172551,2673,2363,0,0,0,0,0,0,0,0,0,0,0,1779,0,0,0,0,0,0,0,0,0,0,0,0,0,0,0,0,0,0,0,0,0,0,0,0,0,0,0,0,0,0,0,0,0,0,0,0,0,0,0,0,0,0,0,0,0,0,0,0,0,0,0,0,0,0,0,0,0,0,0,0,0,0,0,0,0,0,0,0,0,0,0,0,39,0,0,0,0,0,0,0,0,0,0,2357,0,0,0,0,0,0,0,0,0,0,0,2155,0,0,0,0,0,0,0,0,0,0,0
66,20241024-172551,2709,2361,0,0,0,0,0,0,0,0,0,0,0,1775,0,0,0,0,0,0,0,0,0,0,0,0,0,0,0,0,0,0,0,0,0,0,0,0,0,0,0,0,0,0,0,0,0,0,0,0,0,0,0,0,0,0,0,0,0,0,0,0,0,0,0,0,0,0,0,0,0,0,0,0,0,0,0,0,0,0,0,0,0,0,0,0,63,0,0,0,0,0,0,0,0,0,0,2356,0,0,0,0,0,0,0,0,0,0,0,2150,0,0,0,0,0,0,0,0,0,0,0
67,20241024-172551,2741,2362,0,0,0,0,0,0,0,0,0,0,0,1779,0,0,0,0,0,0,0,0,0,0,0,0,0,0,0,0,0,0,0,0,0,0,0,0,0,0,0,0,0,0,0,0,0,0,0,0,0,0,0,0,0,0,0,0,0,0,0,0,0,0,0,0,0,0,0,0,0,0,0,0,0,0,0,0,0,0,0,0,0,0,0,0,39,0,0,0,0,0,0,0,0,0,0,2351,0,0,0,0,0,0,0,0,0,0,0,2150,0,0,0,0,0,0,0,0,0,0,0
68,20241024-172551,2771,2360,0,0,0,0,0,0,0,0,0,0,0,1775,0,0,0,0,0,0,0,0,0,0,0,0,0,0,0,0,0,0,0,0,0,0,0,0,0,0,0,0,0,0,0,0,0,0,0,0,0,0,0,0,0,0,0,0,0,0,0,0,0,0,0,0,0,0,0,0,0,0,0,0,0,0,0,0,0,0,0,0,0,0,0,0,73,0,0,0,0,0,0,0,0,0,0,2355,0,0,0,0,0,0,0,0,0,0,0,2147,0,0,0,0,0,0,0,0,0,0,0
69,20241024-172551,2823,2361,0,0,0,0,0,0,0,0,0,0,0,1775,0,0,0,0,0,0,0,0,0,0,0,0,0,0,0,0,0,0,0,0,0,0,0,0,0,0,0,0,0,0,0,0,0,0,0,0,0,0,0,0,0,0,0,0,0,0,0,0,0,0,0,0,0,0,0,0,0,0,0,0,0,0,0,0,0,0,0,0,0,0,0,0,165,0,0,0,0,0,0,0,0,0,0,2359,0,0,0,0,0,0,0,0,0,0,0,2135,0,0,0,0,0,0,0,0,0,0,0
70,20241024-172551,2854,2361,0,0,0,0,0,0,0,0,0,0,0,1781,0,0,0,0,0,0,0,0,0,0,0,0,0,0,0,0,0,0,0,0,0,0,0,0,0,0,0,0,0,0,0,0,0,0,0,0,0,0,0,0,0,0,0,0,0,0,0,0,0,0,0,0,0,0,0,0,0,0,0,0,0,0,0,0,0,0,0,0,0,0,0,0,182,0,0,0,0,0,0,0,0,0,0,2373,0,0,0,0,0,0,0,0,0,0,0,2122,0,0,0,0,0,0,0,0,0,0,0
71,20241024-172551,2886,2359,0,0,0,0,0,0,0,0,0,0,0,1780,0,0,0,0,0,0,0,0,0,0,0,0,0,0,0,0,0,0,0,0,0,0,0,0,0,0,0,0,0,0,0,0,0,0,0,0,0,0,0,0,0,0,0,0,0,0,0,0,0,0,0,0,0,0,0,0,0,0,0,0,0,0,0,0,0,0,0,0,0,0,0,0,205,0,0,0,0,0,0,0,0,0,0,2365,0,0,0,0,0,0,0,0,0,0,0,2133,0,0,0,0,0,0,0,0,0,0,0
72,20241024-172551,2938,2360,0,0,0,0,0,0,0,0,0,0,0,1780,0,0,0,0,0,0,0,0,0,0,0,0,0,0,0,0,0,0,0,0,0,0,0,0,0,0,0,0,0,0,0,0,0,0,0,0,0,0,0,0,0,0,0,0,0,0,0,0,0,0,0,0,0,0,0,0,0,0,0,0,0,0,0,0,0,0,0,0,0,0,0,0,167,0,0,0,0,0,0,0,0,0,0,2359,0,0,0,0,0,0,0,0,0,0,0,2143,0,0,0,0,0,0,0,0,0,0,0
73,20241024-172551,2991,2359,0,0,0,0,0,0,0,0,0,0,0,1781,0,0,0,0,0,0,0,0,0,0,0,0,0,0,0,0,0,0,0,0,0,0,0,0,0,0,0,0,0,0,0,0,0,0,0,0,0,0,0,0,0,0,0,0,0,0,0,0,0,0,0,0,0,0,0,0,0,0,0,0,0,0,0,0,0,0,0,0,0,0,0,0,183,0,0,0,0,0,0,0,0,0,0,2355,0,0,0,0,0,0,0,0,0,0,0,2155,0,0,0,0,0,0,0,0,0,0,0
74,20241024-172551,3021,2362,0,0,0,0,0,0,0,0,0,0,0,1786,0,0,0,0,0,0,0,0,0,0,0,0,0,0,0,0,0,0,0,0,0,0,0,0,0,0,0,0,0,0,0,0,0,0,0,0,0,0,0,0,0,0,0,0,0,0,0,0,0,0,0,0,0,0,0,0,0,0,0,0,0,0,0,0,0,0,0,0,0,0,0,0,199,0,0,0,0,0,0,0,0,0,0,2359,0,0,0,0,0,0,0,0,0,0,0,2164,0,0,0,0,0,0,0,0,0,0,0
75,20241024-172551,3072,2350,0,0,0,0,0,0,0,0,0,0,0,1781,0,0,0,0,0,0,0,0,0,0,0,0,0,0,0,0,0,0,0,0,0,0,0,0,0,0,0,0,0,0,0,0,0,0,0,0,0,0,0,0,0,0,0,0,0,0,0,0,0,0,0,0,0,0,0,0,0,0,0,0,0,0,0,0,0,0,0,0,0,0,0,0,171,0,0,0,0,0,0,0,0,0,0,2359,0,0,0,0,0,0,0,0,0,0,0,2155,0,0,0,0,0,0,0,0,0,0,0
76,20241024-172551,3105,2349,0,0,0,0,0,0,0,0,0,0,0,1787,0,0,0,0,0,0,0,0,0,0,0,0,0,0,0,0,0,0,0,0,0,0,0,0,0,0,0,0,0,0,0,0,0,0,0,0,0,0,0,0,0,0,0,0,0,0,0,0,0,0,0,0,0,0,0,0,0,0,0,0,0,0,0,0,0,0,0,0,0,0,0,0,247,0,0,0,0,0,0,0,0,0,0,2365,0,0,0,0,0,0,0,0,0,0,0,2159,0,0,0,0,0,0,0,0,0,0,0
77,20241024-172551,3137,2349,0,0,0,0,0,0,0,0,0,0,0,1781,0,0,0,0,0,0,0,0,0,0,0,0,0,0,0,0,0,0,0,0,0,0,0,0,0,0,0,0,0,0,0,0,0,0,0,0,0,0,0,0,0,0,0,0,0,0,0,0,0,0,0,0,0,0,0,0,0,0,0,0,0,0,0,0,0,0,0,0,0,0,0,0,355,0,0,0,0,0,0,0,0,0,0,2361,0,0,0,0,0,0,0,0,0,0,0,2159,0,0,0,0,0,0,0,0,0,0,0
78,20241024-172551,3170,2348,0,0,0,0,0,0,0,0,0,0,0,1783,0,0,0,0,0,0,0,0,0,0,0,0,0,0,0,0,0,0,0,0,0,0,0,0,0,0,0,0,0,0,0,0,0,0,0,0,0,0,0,0,0,0,0,0,0,0,0,0,0,0,0,0,0,0,0,0,0,0,0,0,0,0,0,0,0,0,0,0,0,0,0,0,361,0,0,0,0,0,0,0,0,0,0,2365,0,0,0,0,0,0,0,0,0,0,0,2153,0,0,0,0,0,0,0,0,0,0,0
79,20241024-172551,3220,2349,0,0,0,0,0,0,0,0,0,0,0,1785,0,0,0,0,0,0,0,0,0,0,0,0,0,0,0,0,0,0,0,0,0,0,0,0,0,0,0,0,0,0,0,0,0,0,0,0,0,0,0,0,0,0,0,0,0,0,0,0,0,0,0,0,0,0,0,0,0,0,0,0,0,0,0,0,0,0,0,0,0,0,0,0,367,0,0,0,0,0,0,0,0,0,0,2367,0,0,0,0,0,0,0,0,0,0,0,2153,0,0,0,0,0,0,0,0,0,0,0
80,20241024-172551,3254,2351,0,0,0,0,0,0,0,0,0,0,0,1779,0,0,0,0,0,0,0,0,0,0,0,0,0,0,0,0,0,0,0,0,0,0,0,0,0,0,0,0,0,0,0,0,0,0,0,0,0,0,0,0,0,0,0,0,0,0,0,0,0,0,0,0,0,0,0,0,0,0,0,0,0,0,0,0,0,0,0,0,0,0,0,0,383,0,0,0,0,0,0,0,0,0,0,2363,0,0,0,0,0,0,0,0,0,0,0,2157,0,0,0,0,0,0,0,0,0,0,0
81,20241024-172551,3287,2355,0,0,0,0,0,0,0,0,0,0,0,1775,0,0,0,0,0,0,0,0,0,0,0,0,0,0,0,0,0,0,0,0,0,0,0,0,0,0,0,0,0,0,0,0,0,0,0,0,0,0,0,0,0,0,0,0,0,0,0,0,0,0,0,0,0,0,0,0,0,0,0,0,0,0,0,0,0,0,0,0,0,0,0,0,413,0,0,0,0,0,0,0,0,0,0,2361,0,0,0,0,0,0,0,0,0,0,0,2157,0,0,0,0,0,0,0,0,0,0,0
82,20241024-172551,3337,2356,0,0,0,0,0,0,0,0,0,0,0,1779,0,0,0,0,0,0,0,0,0,0,0,0,0,0,0,0,0,0,0,0,0,0,0,0,0,0,0,0,0,0,0,0,0,0,0,0,0,0,0,0,0,0,0,0,0,0,0,0,0,0,0,0,0,0,0,0,0,0,0,0,0,0,0,0,0,0,0,0,0,0,0,0,434,0,0,0,0,0,0,0,0,0,0,2372,0,0,0,0,0,0,0,0,0,0,0,2155,0,0,0,0,0,0,0,0,0,0,0
83,20241024-172551,3387,2357,0,0,0,0,0,0,0,0,0,0,0,1783,0,0,0,0,0,0,0,0,0,0,0,0,0,0,0,0,0,0,0,0,0,0,0,0,0,0,0,0,0,0,0,0,0,0,0,0,0,0,0,0,0,0,0,0,0,0,0,0,0,0,0,0,0,0,0,0,0,0,0,0,0,0,0,0,0,0,0,0,0,0,0,0,443,0,0,0,0,0,0,0,0,0,0,2366,0,0,0,0,0,0,0,0,0,0,0,2156,0,0,0,0,0,0,0,0,0,0,0
84,20241024-172551,3421,2361,0,0,0,0,0,0,0,0,0,0,0,1787,0,0,0,0,0,0,0,0,0,0,0,0,0,0,0,0,0,0,0,0,0,0,0,0,0,0,0,0,0,0,0,0,0,0,0,0,0,0,0,0,0,0,0,0,0,0,0,0,0,0,0,0,0,0,0,0,0,0,0,0,0,0,0,0,0,0,0,0,0,0,0,0,463,0,0,0,0,0,0,0,0,0,0,2376,0,0,0,0,0,0,0,0,0,0,0,2147,0,0,0,0,0,0,0,0,0,0,0
85,20241024-172551,3469,2357,0,0,0,0,0,0,0,0,0,0,0,1785,0,0,0,0,0,0,0,0,0,0,0,0,0,0,0,0,0,0,0,0,0,0,0,0,0,0,0,0,0,0,0,0,0,0,0,0,0,0,0,0,0,0,0,0,0,0,0,0,0,0,0,0,0,0,0,0,0,0,0,0,0,0,0,0,0,0,0,0,0,0,0,0,456,0,0,0,0,0,0,0,0,0,0,2375,0,0,0,0,0,0,0,0,0,0,0,2139,0,0,0,0,0,0,0,0,0,0,0
86,20241024-172552,3505,2357,0,0,0,0,0,0,0,0,0,0,0,1785,0,0,0,0,0,0,0,0,0,0,0,0,0,0,0,0,0,0,0,0,0,0,0,0,0,0,0,0,0,0,0,0,0,0,0,0,0,0,0,0,0,0,0,0,0,0,0,0,0,0,0,0,0,0,0,0,0,0,0,0,0,0,0,0,0,0,0,0,0,0,0,0,463,0,0,0,0,0,0,0,0,0,0,2373,0,0,0,0,0,0,0,0,0,0,0,2141,0,0,0,0,0,0,0,0,0,0,0
87,20241024-172552,3548,2356,0,0,0,0,0,0,0,0,0,0,0,1783,0,0,0,0,0,0,0,0,0,0,0,0,0,0,0,0,0,0,0,0,0,0,0,0,0,0,0,0,0,0,0,0,0,0,0,0,0,0,0,0,0,0,0,0,0,0,0,0,0,0,0,0,0,0,0,0,0,0,0,0,0,0,0,0,0,0,0,0,0,0,0,0,435,0,0,0,0,0,0,0,0,0,0,2375,0,0,0,0,0,0,0,0,0,0,0,2133,0,0,0,0,0,0,0,0,0,0,0
88,20241024-172552,3575,2361,0,0,0,0,0,0,0,0,0,0,0,1783,0,0,0,0,0,0,0,0,0,0,0,0,0,0,0,0,0,0,0,0,0,0,0,0,0,0,0,0,0,0,0,0,0,0,0,0,0,0,0,0,0,0,0,0,0,0,0,0,0,0,0,0,0,0,0,0,0,0,0,0,0,0,0,0,0,0,0,0,0,0,0,0,309,0,0,0,0,0,0,0,0,0,0,2376,0,0,0,0,0,0,0,0,0,0,0,2123,0,0,0,0,0,0,0,0,0,0,0
89,20241024-172552,3607,2357,0,0,0,0,0,0,0,0,0,0,0,1788,0,0,0,0,0,0,0,0,0,0,0,0,0,0,0,0,0,0,0,0,0,0,0,0,0,0,0,0,0,0,0,0,0,0,0,0,0,0,0,0,0,0,0,0,0,0,0,0,0,0,0,0,0,0,0,0,0,0,0,0,0,0,0,0,0,0,0,0,0,0,0,0,457,0,0,0,0,0,0,0,0,0,0,2378,0,0,0,0,0,0,0,0,0,0,0,2119,0,0,0,0,0,0,0,0,0,0,0
90,20241024-172552,3657,2352,0,0,0,0,0,0,0,0,0,0,0,1786,0,0,0,0,0,0,0,0,0,0,0,0,0,0,0,0,0,0,0,0,0,0,0,0,0,0,0,0,0,0,0,0,0,0,0,0,0,0,0,0,0,0,0,0,0,0,0,0,0,0,0,0,0,0,0,0,0,0,0,0,0,0,0,0,0,0,0,0,0,0,0,0,489,0,0,0,0,0,0,0,0,0,0,2377,0,0,0,0,0,0,0,0,0,0,0,2120,0,0,0,0,0,0,0,0,0,0,0
91,20241024-172552,3690,2349,0,0,0,0,0,0,0,0,0,0,0,1786,0,0,0,0,0,0,0,0,0,0,0,0,0,0,0,0,0,0,0,0,0,0,0,0,0,0,0,0,0,0,0,0,0,0,0,0,0,0,0,0,0,0,0,0,0,0,0,0,0,0,0,0,0,0,0,0,0,0,0,0,0,0,0,0,0,0,0,0,0,0,0,0,559,0,0,0,0,0,0,0,0,0,0,2374,0,0,0,0,0,0,0,0,0,0,0,2123,0,0,0,0,0,0,0,0,0,0,0
92,20241024-172552,3762,2346,0,0,0,0,0,0,0,0,0,0,0,1787,0,0,0,0,0,0,0,0,0,0,0,0,0,0,0,0,0,0,0,0,0,0,0,0,0,0,0,0,0,0,0,0,0,0,0,0,0,0,0,0,0,0,0,0,0,0,0,0,0,0,0,0,0,0,0,0,0,0,0,0,0,0,0,0,0,0,0,0,0,0,0,0,651,0,0,0,0,0,0,0,0,0,0,2367,0,0,0,0,0,0,0,0,0,0,0,2125,0,0,0,0,0,0,0,0,0,0,0
93,20241024-172552,3791,2349,0,0,0,0,0,0,0,0,0,0,0,1799,0,0,0,0,0,0,0,0,0,0,0,0,0,0,0,0,0,0,0,0,0,0,0,0,0,0,0,0,0,0,0,0,0,0,0,0,0,0,0,0,0,0,0,0,0,0,0,0,0,0,0,0,0,0,0,0,0,0,0,0,0,0,0,0,0,0,0,0,0,0,0,0,723,0,0,0,0,0,0,0,0,0,0,2376,0,0,0,0,0,0,0,0,0,0,0,2139,0,0,0,0,0,0,0,0,0,0,0
94,20241024-172552,3822,2343,0,0,0,0,0,0,0,0,0,0,0,1789,0,0,0,0,0,0,0,0,0,0,0,0,0,0,0,0,0,0,0,0,0,0,0,0,0,0,0,0,0,0,0,0,0,0,0,0,0,0,0,0,0,0,0,0,0,0,0,0,0,0,0,0,0,0,0,0,0,0,0,0,0,0,0,0,0,0,0,0,0,0,0,0,743,0,0,0,0,0,0,0,0,0,0,2375,0,0,0,0,0,0,0,0,0,0,0,2127,0,0,0,0,0,0,0,0,0,0,0
95,20241024-172552,3855,2345,0,0,0,0,0,0,0,0,0,0,0,1789,0,0,0,0,0,0,0,0,0,0,0,0,0,0,0,0,0,0,0,0,0,0,0,0,0,0,0,0,0,0,0,0,0,0,0,0,0,0,0,0,0,0,0,0,0,0,0,0,0,0,0,0,0,0,0,0,0,0,0,0,0,0,0,0,0,0,0,0,0,0,0,0,745,0,0,0,0,0,0,0,0,0,0,2375,0,0,0,0,0,0,0,0,0,0,0,2125,0,0,0,0,0,0,0,0,0,0,0
96,20241024-172552,3904,2343,0,0,0,0,0,0,0,0,0,0,0,1787,0,0,0,0,0,0,0,0,0,0,0,0,0,0,0,0,0,0,0,0,0,0,0,0,0,0,0,0,0,0,0,0,0,0,0,0,0,0,0,0,0,0,0,0,0,0,0,0,0,0,0,0,0,0,0,0,0,0,0,0,0,0,0,0,0,0,0,0,0,0,0,0,751,0,0,0,0,0,0,0,0,0,0,2375,0,0,0,0,0,0,0,0,0,0,0,2131,0,0,0,0,0,0,0,0,0,0,0
97,20241024-172552,3941,2347,0,0,0,0,0,0,0,0,0,0,0,1789,0,0,0,0,0,0,0,0,0,0,0,0,0,0,0,0,0,0,0,0,0,0,0,0,0,0,0,0,0,0,0,0,0,0,0,0,0,0,0,0,0,0,0,0,0,0,0,0,0,0,0,0,0,0,0,0,0,0,0,0,0,0,0,0,0,0,0,0,0,0,0,0,763,0,0,0,0,0,0,0,0,0,0,2373,0,0,0,0,0,0,0,0,0,0,0,2132,0,0,0,0,0,0,0,0,0,0,0
98,20241024-172552,3973,2349,0,0,0,0,0,0,0,0,0,0,0,1789,0,0,0,0,0,0,0,0,0,0,0,0,0,0,0,0,0,0,0,0,0,0,0,0,0,0,0,0,0,0,0,0,0,0,0,0,0,0,0,0,0,0,0,0,0,0,0,0,0,0,0,0,0,0,0,0,0,0,0,0,0,0,0,0,0,0,0,0,0,0,0,0,773,0,0,0,0,0,0,0,0,0,0,2367,0,0,0,0,0,0,0,0,0,0,0,2131,0,0,0,0,0,0,0,0,0,0,0
99,20241024-172552,4009,2350,0,0,0,0,0,0,0,0,0,0,0,1787,0,0,0,0,0,0,0,0,0,0,0,0,0,0,0,0,0,0,0,0,0,0,0,0,0,0,0,0,0,0,0,0,0,0,0,0,0,0,0,0,0,0,0,0,0,0,0,0,0,0,0,0,0,0,0,0,0,0,0,0,0,0,0,0,0,0,0,0,0,0,0,0,751,0,0,0,0,0,0,0,0,0,0,2375,0,0,0,0,0,0,0,0,0,0,0,2135,0,0,0,0,0,0,0,0,0,0,0
100,20241024-172552,4057,2351,0,0,0,0,0,0,0,0,0,0,0,1789,0,0,0,0,0,0,0,0,0,0,0,0,0,0,0,0,0,0,0,0,0,0,0,0,0,0,0,0,0,0,0,0,0,0,0,0,0,0,0,0,0,0,0,0,0,0,0,0,0,0,0,0,0,0,0,0,0,0,0,0,0,0,0,0,0,0,0,0,0,0,0,0,742,0,0,0,0,0,0,0,0,0,0,2367,0,0,0,0,0,0,0,0,0,0,0,2131,0,0,0,0,0,0,0,0,0,0,0
101,20241024-172552,4093,2349,0,0,0,0,0,0,0,0,0,0,0,1785,0,0,0,0,0,0,0,0,0,0,0,0,0,0,0,0,0,0,0,0,0,0,0,0,0,0,0,0,0,0,0,0,0,0,0,0,0,0,0,0,0,0,0,0,0,0,0,0,0,0,0,0,0,0,0,0,0,0,0,0,0,0,0,0,0,0,0,0,0,0,0,0,761,0,0,0,0,0,0,0,0,0,0,2377,0,0,0,0,0,0,0,0,0,0,0,2130,0,0,0,0,0,0,0,0,0,0,0
102,20241024-172552,4141,2351,0,0,0,0,0,0,0,0,0,0,0,1787,0,0,0,0,0,0,0,0,0,0,0,0,0,0,0,0,0,0,0,0,0,0,0,0,0,0,0,0,0,0,0,0,0,0,0,0,0,0,0,0,0,0,0,0,0,0,0,0,0,0,0,0,0,0,0,0,0,0,0,0,0,0,0,0,0,0,0,0,0,0,0,0,775,0,0,0,0,0,0,0,0,0,0,2375,0,0,0,0,0,0,0,0,0,0,0,2131,0,0,0,0,0,0,0,0,0,0,0
103,20241024-172552,4194,2357,0,0,0,0,0,0,0,0,0,0,0,1790,0,0,0,0,0,0,0,0,0,0,0,0,0,0,0,0,0,0,0,0,0,0,0,0,0,0,0,0,0,0,0,0,0,0,0,0,0,0,0,0,0,0,0,0,0,0,0,0,0,0,0,0,0,0,0,0,0,0,0,0,0,0,0,0,0,0,0,0,0,0,0,0,797,0,0,0,0,0,0,0,0,0,0,2381,0,0,0,0,0,0,0,0,0,0,0,2135,0,0,0,0,0,0,0,0,0,0,0
104,20241024-172552,4224,2351,0,0,0,0,0,0,0,0,0,0,0,1789,0,0,0,0,0,0,0,0,0,0,0,0,0,0,0,0,0,0,0,0,0,0,0,0,0,0,0,0,0,0,0,0,0,0,0,0,0,0,0,0,0,0,0,0,0,0,0,0,0,0,0,0,0,0,0,0,0,0,0,0,0,0,0,0,0,0,0,0,0,0,0,0,807,0,0,0,0,0,0,0,0,0,0,2377,0,0,0,0,0,0,0,0,0,0,0,2130,0,0,0,0,0,0,0,0,0,0,0
105,20241024-172552,4258,2350,0,0,0,0,0,0,0,0,0,0,0,1791,0,0,0,0,0,0,0,0,0,0,0,0,0,0,0,0,0,0,0,0,0,0,0,0,0,0,0,0,0,0,0,0,0,0,0,0,0,0,0,0,0,0,0,0,0,0,0,0,0,0,0,0,0,0,0,0,0,0,0,0,0,0,0,0,0,0,0,0,0,0,0,0,819,0,0,0,0,0,0,0,0,0,0,2379,0,0,0,0,0,0,0,0,0,0,0,2126,0,0,0,0,0,0,0,0,0,0,0
106,20241024-172552,4307,2350,0,0,0,0,0,0,0,0,0,0,0,1797,0,0,0,0,0,0,0,0,0,0,0,0,0,0,0,0,0,0,0,0,0,0,0,0,0,0,0,0,0,0,0,0,0,0,0,0,0,0,0,0,0,0,0,0,0,0,0,0,0,0,0,0,0,0,0,0,0,0,0,0,0,0,0,0,0,0,0,0,0,0,0,0,826,0,0,0,0,0,0,0,0,0,0,2377,0,0,0,0,0,0,0,0,0,0,0,2131,0,0,0,0,0,0,0,0,0,0,0
107,20241024-172552,4345,2347,0,0,0,0,0,0,0,0,0,0,0,1791,0,0,0,0,0,0,0,0,0,0,0,0,0,0,0,0,0,0,0,0,0,0,0,0,0,0,0,0,0,0,0,0,0,0,0,0,0,0,0,0,0,0,0,0,0,0,0,0,0,0,0,0,0,0,0,0,0,0,0,0,0,0,0,0,0,0,0,0,0,0,0,0,859,0,0,0,0,0,0,0,0,0,0,2381,0,0,0,0,0,0,0,0,0,0,0,2139,0,0,0,0,0,0,0,0,0,0,0
108,20241024-172552,4376,2345,0,0,0,0,0,0,0,0,0,0,0,1791,0,0,0,0,0,0,0,0,0,0,0,0,0,0,0,0,0,0,0,0,0,0,0,0,0,0,0,0,0,0,0,0,0,0,0,0,0,0,0,0,0,0,0,0,0,0,0,0,0,0,0,0,0,0,0,0,0,0,0,0,0,0,0,0,0,0,0,0,0,0,0,0,875,0,0,0,0,0,0,0,0,0,0,2377,0,0,0,0,0,0,0,0,0,0,0,2141,0,0,0,0,0,0,0,0,0,0,0
109,20241024-172552,4424,2348,0,0,0,0,0,0,0,0,0,0,0,1789,0,0,0,0,0,0,0,0,0,0,0,0,0,0,0,0,0,0,0,0,0,0,0,0,0,0,0,0,0,0,0,0,0,0,0,0,0,0,0,0,0,0,0,0,0,0,0,0,0,0,0,0,0,0,0,0,0,0,0,0,0,0,0,0,0,0,0,0,0,0,0,0,903,0,0,0,0,0,0,0,0,0,0,2375,0,0,0,0,0,0,0,0,0,0,0,2151,0,0,0,0,0,0,0,0,0,0,0
110,20241024-172552,4458,2347,0,0,0,0,0,0,0,0,0,0,0,1790,0,0,0,0,0,0,0,0,0,0,0,0,0,0,0,0,0,0,0,0,0,0,0,0,0,0,0,0,0,0,0,0,0,0,0,0,0,0,0,0,0,0,0,0,0,0,0,0,0,0,0,0,0,0,0,0,0,0,0,0,0,0,0,0,0,0,0,0,0,0,0,0,909,0,0,0,0,0,0,0,0,0,0,2375,0,0,0,0,0,0,0,0,0,0,0,2151,0,0,0,0,0,0,0,0,0,0,0
111,20241024-172553,4508,2350,0,0,0,0,0,0,0,0,0,0,0,1791,0,0,0,0,0,0,0,0,0,0,0,0,0,0,0,0,0,0,0,0,0,0,0,0,0,0,0,0,0,0,0,0,0,0,0,0,0,0,0,0,0,0,0,0,0,0,0,0,0,0,0,0,0,0,0,0,0,0,0,0,0,0,0,0,0,0,0,0,0,0,0,0,921,0,0,0,0,0,0,0,0,0,0,2376,0,0,0,0,0,0,0,0,0,0,0,2148,0,0,0,0,0,0,0,0,0,0,0
112,20241024-172553,4540,2355,0,0,0,0,0,0,0,0,0,0,0,1799,0,0,0,0,0,0,0,0,0,0,0,0,0,0,0,0,0,0,0,0,0,0,0,0,0,0,0,0,0,0,0,0,0,0,0,0,0,0,0,0,0,0,0,0,0,0,0,0,0,0,0,0,0,0,0,0,0,0,0,0,0,0,0,0,0,0,0,0,0,0,0,0,927,0,0,0,0,0,0,0,0,0,0,2381,0,0,0,0,0,0,0,0,0,0,0,2149,0,0,0,0,0,0,0,0,0,0,0
113,20241024-172553,4589,2349,0,0,0,0,0,0,0,0,0,0,0,1797,0,0,0,0,0,0,0,0,0,0,0,0,0,0,0,0,0,0,0,0,0,0,0,0,0,0,0,0,0,0,0,0,0,0,0,0,0,0,0,0,0,0,0,0,0,0,0,0,0,0,0,0,0,0,0,0,0,0,0,0,0,0,0,0,0,0,0,0,0,0,0,0,935,0,0,0,0,0,0,0,0,0,0,2376,0,0,0,0,0,0,0,0,0,0,0,2135,0,0,0,0,0,0,0,0,0,0,0
114,20241024-172553,4623,2348,0,0,0,0,0,0,0,0,0,0,0,1797,0,0,0,0,0,0,0,0,0,0,0,0,0,0,0,0,0,0,0,0,0,0,0,0,0,0,0,0,0,0,0,0,0,0,0,0,0,0,0,0,0,0,0,0,0,0,0,0,0,0,0,0,0,0,0,0,0,0,0,0,0,0,0,0,0,0,0,0,0,0,0,0,933,0,0,0,0,0,0,0,0,0,0,2377,0,0,0,0,0,0,0,0,0,0,0,2125,0,0,0,0,0,0,0,0,0,0,0
115,20241024-172553,4661,2344,0,0,0,0,0,0,0,0,0,0,0,1789,0,0,0,0,0,0,0,0,0,0,0,0,0,0,0,0,0,0,0,0,0,0,0,0,0,0,0,0,0,0,0,0,0,0,0,0,0,0,0,0,0,0,0,0,0,0,0,0,0,0,0,0,0,0,0,0,0,0,0,0,0,0,0,0,0,0,0,0,0,0,0,0,935,0,0,0,0,0,0,0,0,0,0,2376,0,0,0,0,0,0,0,0,0,0,0,2146,0,0,0,0,0,0,0,0,0,0,0
116,20241024-172553,4692,2351,0,0,0,0,0,0,0,0,0,0,0,1791,0,0,0,0,0,0,0,0,0,0,0,0,0,0,0,0,0,0,0,0,0,0,0,0,0,0,0,0,0,0,0,0,0,0,0,0,0,0,0,0,0,0,0,0,0,0,0,0,0,0,0,0,0,0,0,0,0,0,0,0,0,0,0,0,0,0,0,0,0,0,0,0,936,0,0,0,0,0,0,0,0,0,0,2374,0,0,0,0,0,0,0,0,0,0,0,2143,0,0,0,0,0,0,0,0,0,0,0
117,20241024-172553,4740,2349,0,0,0,0,0,0,0,0,0,0,0,1799,0,0,0,0,0,0,0,0,0,0,0,0,0,0,0,0,0,0,0,0,0,0,0,0,0,0,0,0,0,0,0,0,0,0,0,0,0,0,0,0,0,0,0,0,0,0,0,0,0,0,0,0,0,0,0,0,0,0,0,0,0,0,0,0,0,0,0,0,0,0,0,0,927,0,0,0,0,0,0,0,0,0,0,2373,0,0,0,0,0,0,0,0,0,0,0,2137,0,0,0,0,0,0,0,0,0,0,0
118,20241024-172553,4773,2349,0,0,0,0,0,0,0,0,0,0,0,1791,0,0,0,0,0,0,0,0,0,0,0,0,0,0,0,0,0,0,0,0,0,0,0,0,0,0,0,0,0,0,0,0,0,0,0,0,0,0,0,0,0,0,0,0,0,0,0,0,0,0,0,0,0,0,0,0,0,0,0,0,0,0,0,0,0,0,0,0,0,0,0,0,937,0,0,0,0,0,0,0,0,0,0,2373,0,0,0,0,0,0,0,0,0,0,0,2137,0,0,0,0,0,0,0,0,0,0,0
119,20241024-172553,4805,2351,0,0,0,0,0,0,0,0,0,0,0,1800,0,0,0,0,0,0,0,0,0,0,0,0,0,0,0,0,0,0,0,0,0,0,0,0,0,0,0,0,0,0,0,0,0,0,0,0,0,0,0,0,0,0,0,0,0,0,0,0,0,0,0,0,0,0,0,0,0,0,0,0,0,0,0,0,0,0,0,0,0,0,0,0,941,0,0,0,0,0,0,0,0,0,0,2375,0,0,0,0,0,0,0,0,0,0,0,2131,0,0,0,0,0,0,0,0,0,0,0
120,20241024-172553,4856,2349,0,0,0,0,0,0,0,0,0,0,0,1799,0,0,0,0,0,0,0,0,0,0,0,0,0,0,0,0,0,0,0,0,0,0,0,0,0,0,0,0,0,0,0,0,0,0,0,0,0,0,0,0,0,0,0,0,0,0,0,0,0,0,0,0,0,0,0,0,0,0,0,0,0,0,0,0,0,0,0,0,0,0,0,0,941,0,0,0,0,0,0,0,0,0,0,2376,0,0,0,0,0,0,0,0,0,0,0,2127,0,0,0,0,0,0,0,0,0,0,0
121,20241024-172553,4908,2351,0,0,0,0,0,0,0,0,0,0,0,1800,0,0,0,0,0,0,0,0,0,0,0,0,0,0,0,0,0,0,0,0,0,0,0,0,0,0,0,0,0,0,0,0,0,0,0,0,0,0,0,0,0,0,0,0,0,0,0,0,0,0,0,0,0,0,0,0,0,0,0,0,0,0,0,0,0,0,0,0,0,0,0,0,947,0,0,0,0,0,0,0,0,0,0,2373,0,0,0,0,0,0,0,0,0,0,0,2139,0,0,0,0,0,0,0,0,0,0,0
122,20241024-172553,4941,2357,0,0,0,0,0,0,0,0,0,0,0,1802,0,0,0,0,0,0,0,0,0,0,0,0,0,0,0,0,0,0,0,0,0,0,0,0,0,0,0,0,0,0,0,0,0,0,0,0,0,0,0,0,0,0,0,0,0,0,0,0,0,0,0,0,0,0,0,0,0,0,0,0,0,0,0,0,0,0,0,0,0,0,0,0,949,0,0,0,0,0,0,0,0,0,0,2381,0,0,0,0,0,0,0,0,0,0,0,2152,0,0,0,0,0,0,0,0,0,0,0
123,20241024-172553,4989,2355,0,0,0,0,0,0,0,0,0,0,0,1797,0,0,0,0,0,0,0,0,0,0,0,0,0,0,0,0,0,0,0,0,0,0,0,0,0,0,0,0,0,0,0,0,0,0,0,0,0,0,0,0,0,0,0,0,0,0,0,0,0,0,0,0,0,0,0,0,0,0,0,0,0,0,0,0,0,0,0,0,0,0,0,0,951,0,0,0,0,0,0,0,0,0,0,2377,0,0,0,0,0,0,0,0,0,0,0,2164,0,0,0,0,0,0,0,0,0,0,0
124,20241024-172553,5022,2355,0,0,0,0,0,0,0,0,0,0,0,1789,0,0,0,0,0,0,0,0,0,0,0,0,0,0,0,0,0,0,0,0,0,0,0,0,0,0,0,0,0,0,0,0,0,0,0,0,0,0,0,0,0,0,0,0,0,0,0,0,0,0,0,0,0,0,0,0,0,0,0,0,0,0,0,0,0,0,0,0,0,0,0,0,952,0,0,0,0,0,0,0,0,0,0,2374,0,0,0,0,0,0,0,0,0,0,0,2175,0,0,0,0,0,0,0,0,0,0,0
125,20241024-172553,5059,2355,0,0,0,0,0,0,0,0,0,0,0,1785,0,0,0,0,0,0,0,0,0,0,0,0,0,0,0,0,0,0,0,0,0,0,0,0,0,0,0,0,0,0,0,0,0,0,0,0,0,0,0,0,0,0,0,0,0,0,0,0,0,0,0,0,0,0,0,0,0,0,0,0,0,0,0,0,0,0,0,0,0,0,0,0,947,0,0,0,0,0,0,0,0,0,0,2383,0,0,0,0,0,0,0,0,0,0,0,2171,0,0,0,0,0,0,0,0,0,0,0
126,20241024-172553,5093,2351,0,0,0,0,0,0,0,0,0,0,0,1771,0,0,0,0,0,0,0,0,0,0,0,0,0,0,0,0,0,0,0,0,0,0,0,0,0,0,0,0,0,0,0,0,0,0,0,0,0,0,0,0,0,0,0,0,0,0,0,0,0,0,0,0,0,0,0,0,0,0,0,0,0,0,0,0,0,0,0,0,0,0,0,0,946,0,0,0,0,0,0,0,0,0,0,2391,0,0,0,0,0,0,0,0,0,0,0,2167,0,0,0,0,0,0,0,0,0,0,0
127,20241024-172553,5142,2344,0,0,0,0,0,0,0,0,0,0,0,1773,0,0,0,0,0,0,0,0,0,0,0,0,0,0,0,0,0,0,0,0,0,0,0,0,0,0,0,0,0,0,0,0,0,0,0,0,0,0,0,0,0,0,0,0,0,0,0,0,0,0,0,0,0,0,0,0,0,0,0,0,0,0,0,0,0,0,0,0,0,0,0,0,941,0,0,0,0,0,0,0,0,0,0,2392,0,0,0,0,0,0,0,0,0,0,0,2173,0,0,0,0,0,0,0,0,0,0,0
128,20241024-172553,5175,2341,0,0,0,0,0,0,0,0,0,0,0,1769,0,0,0,0,0,0,0,0,0,0,0,0,0,0,0,0,0,0,0,0,0,0,0,0,0,0,0,0,0,0,0,0,0,0,0,0,0,0,0,0,0,0,0,0,0,0,0,0,0,0,0,0,0,0,0,0,0,0,0,0,0,0,0,0,0,0,0,0,0,0,0,0,943,0,0,0,0,0,0,0,0,0,0,2393,0,0,0,0,0,0,0,0,0,0,0,2173,0,0,0,0,0,0,0,0,0,0,0
129,20241024-172553,5207,2343,0,0,0,0,0,0,0,0,0,0,0,1769,0,0,0,0,0,0,0,0,0,0,0,0,0,0,0,0,0,0,0,0,0,0,0,0,0,0,0,0,0,0,0,0,0,0,0,0,0,0,0,0,0,0,0,0,0,0,0,0,0,0,0,0,0,0,0,0,0,0,0,0,0,0,0,0,0,0,0,0,0,0,0,0,959,0,0,0,0,0,0,0,0,0,0,2386,0,0,0,0,0,0,0,0,0,0,0,2173,0,0,0,0,0,0,0,0,0,0,0
130,20241024-172553,5271,2341,0,0,0,0,0,0,0,0,0,0,0,1772,0,0,0,0,0,0,0,0,0,0,0,0,0,0,0,0,0,0,0,0,0,0,0,0,0,0,0,0,0,0,0,0,0,0,0,0,0,0,0,0,0,0,0,0,0,0,0,0,0,0,0,0,0,0,0,0,0,0,0,0,0,0,0,0,0,0,0,0,0,0,0,0,984,0,0,0,0,0,0,0,0,0,0,2389,0,0,0,0,0,0,0,0,0,0,0,2181,0,0,0,0,0,0,0,0,0,0,0
131,20241024-172553,5308,2344,0,0,0,0,0,0,0,0,0,0,0,1781,0,0,0,0,0,0,0,0,0,0,0,0,0,0,0,0,0,0,0,0,0,0,0,0,0,0,0,0,0,0,0,0,0,0,0,0,0,0,0,0,0,0,0,0,0,0,0,0,0,0,0,0,0,0,0,0,0,0,0,0,0,0,0,0,0,0,0,0,0,0,0,0,1001,0,0,0,0,0,0,0,0,0,0,2392,0,0,0,0,0,0,0,0,0,0,0,2189,0,0,0,0,0,0,0,0,0,0,0
132,20241024-172553,5343,2351,0,0,0,0,0,0,0,0,0,0,0,1781,0,0,0,0,0,0,0,0,0,0,0,0,0,0,0,0,0,0,0,0,0,0,0,0,0,0,0,0,0,0,0,0,0,0,0,0,0,0,0,0,0,0,0,0,0,0,0,0,0,0,0,0,0,0,0,0,0,0,0,0,0,0,0,0,0,0,0,0,0,0,0,0,1003,0,0,0,0,0,0,0,0,0,0,2387,0,0,0,0,0,0,0,0,0,0,0,2184,0,0,0,0,0,0,0,0,0,0,0
133,20241024-172553,5375,2345,0,0,0,0,0,0,0,0,0,0,0,1781,0,0,0,0,0,0,0,0,0,0,0,0,0,0,0,0,0,0,0,0,0,0,0,0,0,0,0,0,0,0,0,0,0,0,0,0,0,0,0,0,0,0,0,0,0,0,0,0,0,0,0,0,0,0,0,0,0,0,0,0,0,0,0,0,0,0,0,0,0,0,0,0,1013,0,0,0,0,0,0,0,0,0,0,2387,0,0,0,0,0,0,0,0,0,0,0,2183,0,0,0,0,0,0,0,0,0,0,0
134,20241024-172553,5424,2347,0,0,0,0,0,0,0,0,0,0,0,1783,0,0,0,0,0,0,0,0,0,0,0,0,0,0,0,0,0,0,0,0,0,0,0,0,0,0,0,0,0,0,0,0,0,0,0,0,0,0,0,0,0,0,0,0,0,0,0,0,0,0,0,0,0,0,0,0,0,0,0,0,0,0,0,0,0,0,0,0,0,0,0,0,1017,0,0,0,0,0,0,0,0,0,0,2383,0,0,0,0,0,0,0,0,0,0,0,2173,0,0,0,0,0,0,0,0,0,0,0
135,20241024-172553,5455,2335,0,0,0,0,0,0,0,0,0,0,0,1785,0,0,0,0,0,0,0,0,0,0,0,0,0,0,0,0,0,0,0,0,0,0,0,0,0,0,0,0,0,0,0,0,0,0,0,0,0,0,0,0,0,0,0,0,0,0,0,0,0,0,0,0,0,0,0,0,0,0,0,0,0,0,0,0,0,0,0,0,0,0,0,0,1036,0,0,0,0,0,0,0,0,0,0,2390,0,0,0,0,0,0,0,0,0,0,0,2163,0,0,0,0,0,0,0,0,0,0,0
136,20241024-172553,5490,2335,0,0,0,0,0,0,0,0,0,0,0,1785,0,0,0,0,0,0,0,0,0,0,0,0,0,0,0,0,0,0,0,0,0,0,0,0,0,0,0,0,0,0,0,0,0,0,0,0,0,0,0,0,0,0,0,0,0,0,0,0,0,0,0,0,0,0,0,0,0,0,0,0,0,0,0,0,0,0,0,0,0,0,0,0,1061,0,0,0,0,0,0,0,0,0,0,2389,0,0,0,0,0,0,0,0,0,0,0,2159,0,0,0,0,0,0,0,0,0,0,0
137,20241024-172554,5545,2333,0,0,0,0,0,0,0,0,0,0,0,1791,0,0,0,0,0,0,0,0,0,0,0,0,0,0,0,0,0,0,0,0,0,0,0,0,0,0,0,0,0,0,0,0,0,0,0,0,0,0,0,0,0,0,0,0,0,0,0,0,0,0,0,0,0,0,0,0,0,0,0,0,0,0,0,0,0,0,0,0,0,0,0,0,1061,0,0,0,0,0,0,0,0,0,0,2392,0,0,0,0,0,0,0,0,0,0,0,2156,0,0,0,0,0,0,0,0,0,0,0
138,20241024-172554,5581,2332,0,0,0,0,0,0,0,0,0,0,0,1783,0,0,0,0,0,0,0,0,0,0,0,0,0,0,0,0,0,0,0,0,0,0,0,0,0,0,0,0,0,0,0,0,0,0,0,0,0,0,0,0,0,0,0,0,0,0,0,0,0,0,0,0,0,0,0,0,0,0,0,0,0,0,0,0,0,0,0,0,0,0,0,0,1063,0,0,0,0,0,0,0,0,0,0,2395,0,0,0,0,0,0,0,0,0,0,0,2157,0,0,0,0,0,0,0,0,0,0,0
139,20241024-172554,5607,2325,0,0,0,0,0,0,0,0,0,0,0,1783,0,0,0,0,0,0,0,0,0,0,0,0,0,0,0,0,0,0,0,0,0,0,0,0,0,0,0,0,0,0,0,0,0,0,0,0,0,0,0,0,0,0,0,0,0,0,0,0,0,0,0,0,0,0,0,0,0,0,0,0,0,0,0,0,0,0,0,0,0,0,0,0,1061,0,0,0,0,0,0,0,0,0,0,2396,0,0,0,0,0,0,0,0,0,0,0,2159,0,0,0,0,0,0,0,0,0,0,0
140,20241024-172554,5678,2324,0,0,0,0,0,0,0,0,0,0,0,1781,0,0,0,0,0,0,0,0,0,0,0,0,0,0,0,0,0,0,0,0,0,0,0,0,0,0,0,0,0,0,0,0,0,0,0,0,0,0,0,0,0,0,0,0,0,0,0,0,0,0,0,0,0,0,0,0,0,0,0,0,0,0,0,0,0,0,0,0,0,0,0,0,1055,0,0,0,0,0,0,0,0,0,0,2391,0,0,0,0,0,0,0,0,0,0,0,2163,0,0,0,0,0,0,0,0,0,0,0
141,20241024-172554,5710,2323,0,0,0,0,0,0,0,0,0,0,0,1739,0,0,0,0,0,0,0,0,0,0,0,0,0,0,0,0,0,0,0,0,0,0,0,0,0,0,0,0,0,0,0,0,0,0,0,0,0,0,0,0,0,0,0,0,0,0,0,0,0,0,0,0,0,0,0,0,0,0,0,0,0,0,0,0,0,0,0,0,0,0,0,0,1012,0,0,0,0,0,0,0,0,0,0,2410,0,0,0,0,0,0,0,0,0,0,0,2169,0,0,0,0,0,0,0,0,0,0,0
142,20241024-172554,5741,2308,0,0,0,0,0,0,0,0,0,0,0,1669,0,0,0,0,0,0,0,0,0,0,0,0,0,0,0,0,0,0,0,0,0,0,0,0,0,0,0,0,0,0,0,0,0,0,0,0,0,0,0,0,0,0,0,0,0,0,0,0,0,0,0,0,0,0,0,0,0,0,0,0,0,0,0,0,0,0,0,0,0,0,0,0,907,0,0,0,0,0,0,0,0,0,0,2409,0,0,0,0,0,0,0,0,0,0,0,2165,0,0,0,0,0,0,0,0,0,0,0
143,20241024-172554,5775,2263,0,0,0,0,0,0,0,0,0,0,0,1563,0,0,0,0,0,0,0,0,0,0,0,0,0,0,0,0,0,0,0,0,0,0,0,0,0,0,0,0,0,0,0,0,0,0,0,0,0,0,0,0,0,0,0,0,0,0,0,0,0,0,0,0,0,0,0,0,0,0,0,0,0,0,0,0,0,0,0,0,0,0,0,0,741,0,0,0,0,0,0,0,0,0,0,2420,0,0,0,0,0,0,0,0,0,0,0,2187,0,0,0,0,0,0,0,0,0,0,0
144,20241024-172554,5831,2229,0,0,0,0,0,0,0,0,0,0,0,1563,0,0,0,0,0,0,0,0,0,0,0,0,0,0,0,0,0,0,0,0,0,0,0,0,0,0,0,0,0,0,0,0,0,0,0,0,0,0,0,0,0,0,0,0,0,0,0,0,0,0,0,0,0,0,0,0,0,0,0,0,0,0,0,0,0,0,0,0,0,0,0,0,776,0,0,0,0,0,0,0,0,0,0,2423,0,0,0,0,0,0,0,0,0,0,0,2195,0,0,0,0,0,0,0,0,0,0,0
145,20241024-172554,5858,2187,0,0,0,0,0,0,0,0,0,0,0,1523,0,0,0,0,0,0,0,0,0,0,0,0,0,0,0,0,0,0,0,0,0,0,0,0,0,0,0,0,0,0,0,0,0,0,0,0,0,0,0,0,0,0,0,0,0,0,0,0,0,0,0,0,0,0,0,0,0,0,0,0,0,0,0,0,0,0,0,0,0,0,0,0,781,0,0,0,0,0,0,0,0,0,0,2425,0,0,0,0,0,0,0,0,0,0,0,2207,0,0,0,0,0,0,0,0,0,0,0
146,20241024-172554,5892,2135,0,0,0,0,0,0,0,0,0,0,0,1401,0,0,0,0,0,0,0,0,0,0,0,0,0,0,0,0,0,0,0,0,0,0,0,0,0,0,0,0,0,0,0,0,0,0,0,0,0,0,0,0,0,0,0,0,0,0,0,0,0,0,0,0,0,0,0,0,0,0,0,0,0,0,0,0,0,0,0,0,0,0,0,0,748,0,0,0,0,0,0,0,0,0,0,2437,0,0,0,0,0,0,0,0,0,0,0,2215,0,0,0,0,0,0,0,0,0,0,0
147,20241024-172554,5943,2044,0,0,0,0,0,0,0,0,0,0,0,1373,0,0,0,0,0,0,0,0,0,0,0,0,0,0,0,0,0,0,0,0,0,0,0,0,0,0,0,0,0,0,0,0,0,0,0,0,0,0,0,0,0,0,0,0,0,0,0,0,0,0,0,0,0,0,0,0,0,0,0,0,0,0,0,0,0,0,0,0,0,0,0,0,757,0,0,0,0,0,0,0,0,0,0,2403,0,0,0,0,0,0,0,0,0,0,0,2269,0,0,0,0,0,0,0,0,0,0,0
148,20241024-172554,5977,1979,0,0,0,0,0,0,0,0,0,0,0,1311,0,0,0,0,0,0,0,0,0,0,0,0,0,0,0,0,0,0,0,0,0,0,0,0,0,0,0,0,0,0,0,0,0,0,0,0,0,0,0,0,0,0,0,0,0,0,0,0,0,0,0,0,0,0,0,0,0,0,0,0,0,0,0,0,0,0,0,0,0,0,0,0,781,0,0,0,0,0,0,0,0,0,0,2398,0,0,0,0,0,0,0,0,0,0,0,2299,0,0,0,0,0,0,0,0,0,0,0
149,20241024-172554,6022,1899,0,0,0,0,0,0,0,0,0,0,0,1223,0,0,0,0,0,0,0,0,0,0,0,0,0,0,0,0,0,0,0,0,0,0,0,0,0,0,0,0,0,0,0,0,0,0,0,0,0,0,0,0,0,0,0,0,0,0,0,0,0,0,0,0,0,0,0,0,0,0,0,0,0,0,0,0,0,0,0,0,0,0,0,0,763,0,0,0,0,0,0,0,0,0,0,2408,0,0,0,0,0,0,0,0,0,0,0,2291,0,0,0,0,0,0,0,0,0,0,0
150,20241024-172554,6058,1677,0,0,0,0,0,0,0,0,0,0,0,1019,0,0,0,0,0,0,0,0,0,0,0,0,0,0,0,0,0,0,0,0,0,0,0,0,0,0,0,0,0,0,0,0,0,0,0,0,0,0,0,0,0,0,0,0,0,0,0,0,0,0,0,0,0,0,0,0,0,0,0,0,0,0,0,0,0,0,0,0,0,0,0,0,803,0,0,0,0,0,0,0,0,0,0,2450,0,0,0,0,0,0,0,0,0,0,0,2249,0,0,0,0,0,0,0,0,0,0,0
151,20241024-172554,6107,1547,0,0,0,0,0,0,0,0,0,0,0,873,0,0,0,0,0,0,0,0,0,0,0,0,0,0,0,0,0,0,0,0,0,0,0,0,0,0,0,0,0,0,0,0,0,0,0,0,0,0,0,0,0,0,0,0,0,0,0,0,0,0,0,0,0,0,0,0,0,0,0,0,0,0,0,0,0,0,0,0,0,0,0,0,729,0,0,0,0,0,0,0,0,0,0,2451,0,0,0,0,0,0,0,0,0,0,0,2231,0,0,0,0,0,0,0,0,0,0,0
152,20241024-172554,6141,1557,0,0,0,0,0,0,0,0,0,0,0,883,0,0,0,0,0,0,0,0,0,0,0,0,0,0,0,0,0,0,0,0,0,0,0,0,0,0,0,0,0,0,0,0,0,0,0,0,0,0,0,0,0,0,0,0,0,0,0,0,0,0,0,0,0,0,0,0,0,0,0,0,0,0,0,0,0,0,0,0,0,0,0,0,685,0,0,0,0,0,0,0,0,0,0,2441,0,0,0,0,0,0,0,0,0,0,0,2230,0,0,0,0,0,0,0,0,0,0,0
153,20241024-172554,6174,1595,0,0,0,0,0,0,0,0,0,0,0,883,0,0,0,0,0,0,0,0,0,0,0,0,0,0,0,0,0,0,0,0,0,0,0,0,0,0,0,0,0,0,0,0,0,0,0,0,0,0,0,0,0,0,0,0,0,0,0,0,0,0,0,0,0,0,0,0,0,0,0,0,0,0,0,0,0,0,0,0,0,0,0,0,604,0,0,0,0,0,0,0,0,0,0,2441,0,0,0,0,0,0,0,0,0,0,0,2217,0,0,0,0,0,0,0,0,0,0,0
154,20241024-172554,6210,1693,0,0,0,0,0,0,0,0,0,0,0,925,0,0,0,0,0,0,0,0,0,0,0,0,0,0,0,0,0,0,0,0,0,0,0,0,0,0,0,0,0,0,0,0,0,0,0,0,0,0,0,0,0,0,0,0,0,0,0,0,0,0,0,0,0,0,0,0,0,0,0,0,0,0,0,0,0,0,0,0,0,0,0,0,536,0,0,0,0,0,0,0,0,0,0,2421,0,0,0,0,0,0,0,0,0,0,0,2175,0,0,0,0,0,0,0,0,0,0,0
155,20241024-172554,6257,1800,0,0,0,0,0,0,0,0,0,0,0,1003,0,0,0,0,0,0,0,0,0,0,0,0,0,0,0,0,0,0,0,0,0,0,0,0,0,0,0,0,0,0,0,0,0,0,0,0,0,0,0,0,0,0,0,0,0,0,0,0,0,0,0,0,0,0,0,0,0,0,0,0,0,0,0,0,0,0,0,0,0,0,0,0,151,0,0,0,0,0,0,0,0,0,0,2389,0,0,0,0,0,0,0,0,0,0,0,2125,0,0,0,0,0,0,0,0,0,0,0
156,20241024-172554,6291,1909,0,0,0,0,0,0,0,0,0,0,0,1076,0,0,0,0,0,0,0,0,0,0,0,0,0,0,0,0,0,0,0,0,0,0,0,0,0,0,0,0,0,0,0,0,0,0,0,0,0,0,0,0,0,0,0,0,0,0,0,0,0,0,0,0,0,0,0,0,0,0,0,0,0,0,0,0,0,0,0,0,0,0,0,0,0,0,0,0,0,0,0,0,0,0,0,2345,0,0,0,0,0,0,0,0,0,0,0,2055,0,0,0,0,0,0,0,0,0,0,0
157,20241024-172554,6325,1977,0,0,0,0,0,0,0,0,0,0,0,1179,0,0,0,0,0,0,0,0,0,0,0,0,0,0,0,0,0,0,0,0,0,0,0,0,0,0,0,0,0,0,0,0,0,0,0,0,0,0,0,0,0,0,0,0,0,0,0,0,0,0,0,0,0,0,0,0,0,0,0,0,0,0,0,0,0,0,0,0,0,0,0,0,0,0,0,0,0,0,0,0,0,0,0,2299,0,0,0,0,0,0,0,0,0,0,0,1973,0,0,0,0,0,0,0,0,0,0,0
158,20241024-172554,6375,2023,0,0,0,0,0,0,0,0,0,0,0,1227,0,0,0,0,0,0,0,0,0,0,0,0,0,0,0,0,0,0,0,0,0,0,0,0,0,0,0,0,0,0,0,0,0,0,0,0,0,0,0,0,0,0,0,0,0,0,0,0,0,0,0,0,0,0,0,0,0,0,0,0,0,0,0,0,0,0,0,0,0,0,0,0,0,0,0,0,0,0,0,0,0,0,0,2233,0,0,0,0,0,0,0,0,0,0,0,1833,0,0,0,0,0,0,0,0,0,0,0
159,20241024-172554,6427,2071,0,0,0,0,0,0,0,0,0,0,0,1349,0,0,0,0,0,0,0,0,0,0,0,0,0,0,0,0,0,0,0,0,0,0,0,0,0,0,0,0,0,0,0,0,0,0,0,0,0,0,0,0,0,0,0,0,0,0,0,0,0,0,0,0,0,0,0,0,0,0,0,0,0,0,0,0,0,0,0,0,0,0,0,0,0,0,0,0,0,0,0,0,0,0,0,1948,0,0,0,0,0,0,0,0,0,0,0,1657,0,0,0,0,0,0,0,0,0,0,0
160,20241024-172554,6462,2063,0,0,0,0,0,0,0,0,0,0,0,1301,0,0,0,0,0,0,0,0,0,0,0,0,0,0,0,0,0,0,0,0,0,0,0,0,0,0,0,0,0,0,0,0,0,0,0,0,0,0,0,0,0,0,0,0,0,0,0,0,0,0,0,0,0,0,0,0,0,0,0,0,0,0,0,0,0,0,0,0,0,0,0,0,0,0,0,0,0,0,0,0,0,0,0,1546,0,0,0,0,0,0,0,0,0,0,0,1439,0,0,0,0,0,0,0,0,0,0,0
161,20241024-172555,6509,2037,0,0,0,0,0,0,0,0,0,0,0,1252,0,0,0,0,0,0,0,0,0,0,0,0,0,0,0,0,0,0,0,0,0,0,0,0,0,0,0,0,0,0,0,0,0,0,0,0,0,0,0,0,0,0,0,0,0,0,0,0,0,0,0,0,0,0,0,0,0,0,0,0,0,0,0,0,0,0,0,0,0,0,0,0,0,0,0,0,0,0,0,0,0,0,0,1577,0,0,0,0,0,0,0,0,0,0,0,1517,0,0,0,0,0,0,0,0,0,0,0
162,20241024-172555,6543,2024,0,0,0,0,0,0,0,0,0,0,0,1228,0,0,0,0,0,0,0,0,0,0,0,0,0,0,0,0,0,0,0,0,0,0,0,0,0,0,0,0,0,0,0,0,0,0,0,0,0,0,0,0,0,0,0,0,0,0,0,0,0,0,0,0,0,0,0,0,0,0,0,0,0,0,0,0,0,0,0,0,0,0,0,0,0,0,0,0,0,0,0,0,0,0,0,1636,0,0,0,0,0,0,0,0,0,0,0,1631,0,0,0,0,0,0,0,0,0,0,0
163,20241024-172555,6576,2027,0,0,0,0,0,0,0,0,0,0,0,1229,0,0,0,0,0,0,0,0,0,0,0,0,0,0,0,0,0,0,0,0,0,0,0,0,0,0,0,0,0,0,0,0,0,0,0,0,0,0,0,0,0,0,0,0,0,0,0,0,0,0,0,0,0,0,0,0,0,0,0,0,0,0,0,0,0,0,0,0,0,0,0,0,0,0,0,0,0,0,0,0,0,0,0,1731,0,0,0,0,0,0,0,0,0,0,0,1721,0,0,0,0,0,0,0,0,0,0,0
164,20241024-172555,6616,2026,0,0,0,0,0,0,0,0,0,0,0,1241,0,0,0,0,0,0,0,0,0,0,0,0,0,0,0,0,0,0,0,0,0,0,0,0,0,0,0,0,0,0,0,0,0,0,0,0,0,0,0,0,0,0,0,0,0,0,0,0,0,0,0,0,0,0,0,0,0,0,0,0,0,0,0,0,0,0,0,0,0,0,0,0,0,0,0,0,0,0,0,0,0,0,0,1775,0,0,0,0,0,0,0,0,0,0,0,1811,0,0,0,0,0,0,0,0,0,0,0
165,20241024-172555,6662,2019,0,0,0,0,0,0,0,0,0,0,0,1263,0,0,0,0,0,0,0,0,0,0,0,0,0,0,0,0,0,0,0,0,0,0,0,0,0,0,0,0,0,0,0,0,0,0,0,0,0,0,0,0,0,0,0,0,0,0,0,0,0,0,0,0,0,0,0,0,0,0,0,0,0,0,0,0,0,0,0,0,0,0,0,0,0,0,0,0,0,0,0,0,0,0,0,1779,0,0,0,0,0,0,0,0,0,0,0,1861,0,0,0,0,0,0,0,0,0,0,0
166,20241024-172555,6694,2005,0,0,0,0,0,0,0,0,0,0,0,1272,0,0,0,0,0,0,0,0,0,0,0,0,0,0,0,0,0,0,0,0,0,0,0,0,0,0,0,0,0,0,0,0,0,0,0,0,0,0,0,0,0,0,0,0,0,0,0,0,0,0,0,0,0,0,0,0,0,0,0,0,0,0,0,0,0,0,0,0,0,0,0,0,0,0,0,0,0,0,0,0,0,0,0,1785,0,0,0,0,0,0,0,0,0,0,0,1880,0,0,0,0,0,0,0,0,0,0,0
167,20241024-172555,6728,2013,0,0,0,0,0,0,0,0,0,0,0,1276,0,0,0,0,0,0,0,0,0,0,0,0,0,0,0,0,0,0,0,0,0,0,0,0,0,0,0,0,0,0,0,0,0,0,0,0,0,0,0,0,0,0,0,0,0,0,0,0,0,0,0,0,0,0,0,0,0,0,0,0,0,0,0,0,0,0,0,0,0,0,0,0,0,0,0,0,0,0,0,0,0,0,0,1791,0,0,0,0,0,0,0,0,0,0,0,1876,0,0,0,0,0,0,0,0,0,0,0
168,20241024-172555,6793,1991,0,0,0,0,0,0,0,0,0,0,0,1288,0,0,0,0,0,0,0,0,0,0,0,0,0,0,0,0,0,0,0,0,0,0,0,0,0,0,0,0,0,0,0,0,0,0,0,0,0,0,0,0,0,0,0,0,0,0,0,0,0,0,0,0,0,0,0,0,0,0,0,0,0,0,0,0,0,0,0,0,0,0,0,0,0,0,0,0,0,0,0,0,0,0,0,1809,0,0,0,0,0,0,0,0,0,0,0,1873,0,0,0,0,0,0,0,0,0,0,0
169,20241024-172555,6826,1976,0,0,0,0,0,0,0,0,0,0,0,1291,0,0,0,0,0,0,0,0,0,0,0,0,0,0,0,0,0,0,0,0,0,0,0,0,0,0,0,0,0,0,0,0,0,0,0,0,0,0,0,0,0,0,0,0,0,0,0,0,0,0,0,0,0,0,0,0,0,0,0,0,0,0,0,0,0,0,0,0,0,0,0,0,0,0,0,0,0,0,0,0,0,0,0,1817,0,0,0,0,0,0,0,0,0,0,0,1879,0,0,0,0,0,0,0,0,0,0,0
170,20241024-172555,6861,1965,0,0,0,0,0,0,0,0,0,0,0,1293,0,0,0,0,0,0,0,0,0,0,0,0,0,0,0,0,0,0,0,0,0,0,0,0,0,0,0,0,0,0,0,0,0,0,0,0,0,0,0,0,0,0,0,0,0,0,0,0,0,0,0,0,0,0,0,0,0,0,0,0,0,0,0,0,0,0,0,0,0,0,0,0,0,0,0,0,0,0,0,0,0,0,0,1810,0,0,0,0,0,0,0,0,0,0,0,1880,0,0,0,0,0,0,0,0,0,0,0
171,20241024-172555,6911,1956,0,0,0,0,0,0,0,0,0,0,0,1303,0,0,0,0,0,0,0,0,0,0,0,0,0,0,0,0,0,0,0,0,0,0,0,0,0,0,0,0,0,0,0,0,0,0,0,0,0,0,0,0,0,0,0,0,0,0,0,0,0,0,0,0,0,0,0,0,0,0,0,0,0,0,0,0,0,0,0,0,0,0,0,0,0,0,0,0,0,0,0,0,0,0,0,1801,0,0,0,0,0,0,0,0,0,0,0,1879,0,0,0,0,0,0,0,0,0,0,0
172,20241024-172555,6944,1951,0,0,0,0,0,0,0,0,0,0,0,1292,0,0,0,0,0,0,0,0,0,0,0,0,0,0,0,0,0,0,0,0,0,0,0,0,0,0,0,0,0,0,0,0,0,0,0,0,0,0,0,0,0,0,0,0,0,0,0,0,0,0,0,0,0,0,0,0,0,0,0,0,0,0,0,0,0,0,0,0,0,0,0,0,0,0,0,0,0,0,0,0,0,0,0,1813,0,0,0,0,0,0,0,0,0,0,0,1875,0,0,0,0,0,0,0,0,0,0,0
173,20241024-172555,6977,1949,0,0,0,0,0,0,0,0,0,0,0,1289,0,0,0,0,0,0,0,0,0,0,0,0,0,0,0,0,0,0,0,0,0,0,0,0,0,0,0,0,0,0,0,0,0,0,0,0,0,0,0,0,0,0,0,0,0,0,0,0,0,0,0,0,0,0,0,0,0,0,0,0,0,0,0,0,0,0,0,0,0,0,0,0,0,0,0,0,0,0,0,0,0,0,0,1814,0,0,0,0,0,0,0,0,0,0,0,1879,0,0,0,0,0,0,0,0,0,0,0
174,20241024-172555,7011,1941,0,0,0,0,0,0,0,0,0,0,0,1267,0,0,0,0,0,0,0,0,0,0,0,0,0,0,0,0,0,0,0,0,0,0,0,0,0,0,0,0,0,0,0,0,0,0,0,0,0,0,0,0,0,0,0,0,0,0,0,0,0,0,0,0,0,0,0,0,0,0,0,0,0,0,0,0,0,0,0,0,0,0,0,0,0,0,0,0,0,0,0,0,0,0,0,1813,0,0,0,0,0,0,0,0,0,0,0,1877,0,0,0,0,0,0,0,0,0,0,0
175,20241024-172555,7058,1939,0,0,0,0,0,0,0,0,0,0,0,1256,0,0,0,0,0,0,0,0,0,0,0,0,0,0,0,0,0,0,0,0,0,0,0,0,0,0,0,0,0,0,0,0,0,0,0,0,0,0,0,0,0,0,0,0,0,0,0,0,0,0,0,0,0,0,0,0,0,0,0,0,0,0,0,0,0,0,0,0,0,0,0,0,0,0,0,0,0,0,0,0,0,0,0,1819,0,0,0,0,0,0,0,0,0,0,0,1875,0,0,0,0,0,0,0,0,0,0,0
176,20241024-172555,7091,1933,0,0,0,0,0,0,0,0,0,0,0,1228,0,0,0,0,0,0,0,0,0,0,0,0,0,0,0,0,0,0,0,0,0,0,0,0,0,0,0,0,0,0,0,0,0,0,0,0,0,0,0,0,0,0,0,0,0,0,0,0,0,0,0,0,0,0,0,0,0,0,0,0,0,0,0,0,0,0,0,0,0,0,0,0,0,0,0,0,0,0,0,0,0,0,0,1829,0,0,0,0,0,0,0,0,0,0,0,1868,0,0,0,0,0,0,0,0,0,0,0
177,20241024-172555,7125,1929,0,0,0,0,0,0,0,0,0,0,0,1229,0,0,0,0,0,0,0,0,0,0,0,0,0,0,0,0,0,0,0,0,0,0,0,0,0,0,0,0,0,0,0,0,0,0,0,0,0,0,0,0,0,0,0,0,0,0,0,0,0,0,0,0,0,0,0,0,0,0,0,0,0,0,0,0,0,0,0,0,0,0,0,0,0,0,0,0,0,0,0,0,0,0,0,1815,0,0,0,0,0,0,0,0,0,0,0,1877,0,0,0,0,0,0,0,0,0,0,0
178,20241024-172555,7192,1918,0,0,0,0,0,0,0,0,0,0,0,1227,0,0,0,0,0,0,0,0,0,0,0,0,0,0,0,0,0,0,0,0,0,0,0,0,0,0,0,0,0,0,0,0,0,0,0,0,0,0,0,0,0,0,0,0,0,0,0,0,0,0,0,0,0,0,0,0,0,0,0,0,0,0,0,0,0,0,0,0,0,0,0,0,0,0,0,0,0,0,0,0,0,0,0,1827,0,0,0,0,0,0,0,0,0,0,0,1877,0,0,0,0,0,0,0,0,0,0,0
179,20241024-172555,7227,1931,0,0,0,0,0,0,0,0,0,0,0,1227,0,0,0,0,0,0,0,0,0,0,0,0,0,0,0,0,0,0,0,0,0,0,0,0,0,0,0,0,0,0,0,0,0,0,0,0,0,0,0,0,0,0,0,0,0,0,0,0,0,0,0,0,0,0,0,0,0,0,0,0,0,0,0,0,0,0,0,0,0,0,0,0,0,0,0,0,0,0,0,0,0,0,0,1835,0,0,0,0,0,0,0,0,0,0,0,1882,0,0,0,0,0,0,0,0,0,0,0
180,20241024-172555,7262,1927,0,0,0,0,0,0,0,0,0,0,0,1229,0,0,0,0,0,0,0,0,0,0,0,0,0,0,0,0,0,0,0,0,0,0,0,0,0,0,0,0,0,0,0,0,0,0,0,0,0,0,0,0,0,0,0,0,0,0,0,0,0,0,0,0,0,0,0,0,0,0,0,0,0,0,0,0,0,0,0,0,0,0,0,0,0,0,0,0,0,0,0,0,0,0,0,1846,0,0,0,0,0,0,0,0,0,0,0,1875,0,0,0,0,0,0,0,0,0,0,0
181,20241024-172555,7293,1925,0,0,0,0,0,0,0,0,0,0,0,1229,0,0,0,0,0,0,0,0,0,0,0,0,0,0,0,0,0,0,0,0,0,0,0,0,0,0,0,0,0,0,0,0,0,0,0,0,0,0,0,0,0,0,0,0,0,0,0,0,0,0,0,0,0,0,0,0,0,0,0,0,0,0,0,0,0,0,0,0,0,0,0,0,0,0,0,0,0,0,0,0,0,0,0,1845,0,0,0,0,0,0,0,0,0,0,0,1867,0,0,0,0,0,0,0,0,0,0,0
182,20241024-172555,7344,1927,0,0,0,0,0,0,0,0,0,0,0,1231,0,0,0,0,0,0,0,0,0,0,0,0,0,0,0,0,0,0,0,0,0,0,0,0,0,0,0,0,0,0,0,0,0,0,0,0,0,0,0,0,0,0,0,0,0,0,0,0,0,0,0,0,0,0,0,0,0,0,0,0,0,0,0,0,0,0,0,0,0,0,0,0,0,0,0,0,0,0,0,0,0,0,0,1839,0,0,0,0,0,0,0,0,0,0,0,1880,0,0,0,0,0,0,0,0,0,0,0
183,20241024-172555,7378,1931,0,0,0,0,0,0,0,0,0,0,0,1230,0,0,0,0,0,0,0,0,0,0,0,0,0,0,0,0,0,0,0,0,0,0,0,0,0,0,0,0,0,0,0,0,0,0,0,0,0,0,0,0,0,0,0,0,0,0,0,0,0,0,0,0,0,0,0,0,0,0,0,0,0,0,0,0,0,0,0,0,0,0,0,0,0,0,0,0,0,0,0,0,0,0,0,1845,0,0,0,0,0,0,0,0,0,0,0,1877,0,0,0,0,0,0,0,0,0,0,0
184,20241024-172555,7409,1940,0,0,0,0,0,0,0,0,0,0,0,1230,0,0,0,0,0,0,0,0,0,0,0,0,0,0,0,0,0,0,0,0,0,0,0,0,0,0,0,0,0,0,0,0,0,0,0,0,0,0,0,0,0,0,0,0,0,0,0,0,0,0,0,0,0,0,0,0,0,0,0,0,0,0,0,0,0,0,0,0,0,0,0,0,0,0,0,0,0,0,0,0,0,0,0,1850,0,0,0,0,0,0,0,0,0,0,0,1879,0,0,0,0,0,0,0,0,0,0,0
185,20241024-172555,7461,1939,0,0,0,0,0,0,0,0,0,0,0,1231,0,0,0,0,0,0,0,0,0,0,0,0,0,0,0,0,0,0,0,0,0,0,0,0,0,0,0,0,0,0,0,0,0,0,0,0,0,0,0,0,0,0,0,0,0,0,0,0,0,0,0,0,0,0,0,0,0,0,0,0,0,0,0,0,0,0,0,0,0,0,0,0,0,0,0,0,0,0,0,0,0,0,0,1851,0,0,0,0,0,0,0,0,0,0,0,1881,0,0,0,0,0,0,0,0,0,0,0
186,20241024-172555,7495,1937,0,0,0,0,0,0,0,0,0,0,0,1229,0,0,0,0,0,0,0,0,0,0,0,0,0,0,0,0,0,0,0,0,0,0,0,0,0,0,0,0,0,0,0,0,0,0,0,0,0,0,0,0,0,0,0,0,0,0,0,0,0,0,0,0,0,0,0,0,0,0,0,0,0,0,0,0,0,0,0,0,0,0,0,0,0,0,0,0,0,0,0,0,0,0,0,1851,0,0,0,0,0,0,0,0,0,0,0,1881,0,0,0,0,0,0,0,0,0,0,0
187,20241024-172556,7550,1941,0,0,0,0,0,0,0,0,0,0,0,1223,0,0,0,0,0,0,0,0,0,0,0,0,0,0,0,0,0,0,0,0,0,0,0,0,0,0,0,0,0,0,0,0,0,0,0,0,0,0,0,0,0,0,0,0,0,0,0,0,0,0,0,0,0,0,0,0,0,0,0,0,0,0,0,0,0,0,0,0,0,0,0,0,0,0,0,0,0,0,0,0,0,0,0,1853,0,0,0,0,0,0,0,0,0,0,0,1883,0,0,0,0,0,0,0,0,0,0,0
188,20241024-172556,7578,1949,0,0,0,0,0,0,0,0,0,0,0,1225,0,0,0,0,0,0,0,0,0,0,0,0,0,0,0,0,0,0,0,0,0,0,0,0,0,0,0,0,0,0,0,0,0,0,0,0,0,0,0,0,0,0,0,0,0,0,0,0,0,0,0,0,0,0,0,0,0,0,0,0,0,0,0,0,0,0,0,0,0,0,0,0,0,0,0,0,0,0,0,0,0,0,0,1863,0,0,0,0,0,0,0,0,0,0,0,1895,0,0,0,0,0,0,0,0,0,0,0
189,20241024-172556,7627,1949,0,0,0,0,0,0,0,0,0,0,0,1235,0,0,0,0,0,0,0,0,0,0,0,0,0,0,0,0,0,0,0,0,0,0,0,0,0,0,0,0,0,0,0,0,0,0,0,0,0,0,0,0,0,0,0,0,0,0,0,0,0,0,0,0,0,0,0,0,0,0,0,0,0,0,0,0,0,0,0,0,0,0,0,0,0,0,0,0,0,0,0,0,0,0,0,1851,0,0,0,0,0,0,0,0,0,0,0,1887,0,0,0,0,0,0,0,0,0,0,0
190,20241024-172556,7660,1943,0,0,0,0,0,0,0,0,0,0,0,1229,0,0,0,0,0,0,0,0,0,0,0,0,0,0,0,0,0,0,0,0,0,0,0,0,0,0,0,0,0,0,0,0,0,0,0,0,0,0,0,0,0,0,0,0,0,0,0,0,0,0,0,0,0,0,0,0,0,0,0,0,0,0,0,0,0,0,0,0,0,0,0,0,0,0,0,0,0,0,0,0,0,0,0,1860,0,0,0,0,0,0,0,0,0,0,0,1854,0,0,0,0,0,0,0,0,0,0,0
191,20241024-172556,7694,1937,0,0,0,0,0,0,0,0,0,0,0,1223,0,0,0,0,0,0,0,0,0,0,0,0,0,0,0,0,0,0,0,0,0,0,0,0,0,0,0,0,0,0,0,0,0,0,0,0,0,0,0,0,0,0,0,0,0,0,0,0,0,0,0,0,0,0,0,0,0,0,0,0,0,0,0,0,0,0,0,0,0,0,0,0,0,0,0,0,0,0,0,0,0,0,0,1879,0,0,0,0,0,0,0,0,0,0,0,1821,0,0,0,0,0,0,0,0,0,0,0
192,20241024-172556,7748,1938,0,0,0,0,0,0,0,0,0,0,0,1215,0,0,0,0,0,0,0,0,0,0,0,0,0,0,0,0,0,0,0,0,0,0,0,0,0,0,0,0,0,0,0,0,0,0,0,0,0,0,0,0,0,0,0,0,0,0,0,0,0,0,0,0,0,0,0,0,0,0,0,0,0,0,0,0,0,0,0,0,0,0,0,0,0,0,0,0,0,0,0,0,0,0,0,1875,0,0,0,0,0,0,0,0,0,0,0,1831,0,0,0,0,0,0,0,0,0,0,0
193,20241024-172556,7777,1944,0,0,0,0,0,0,0,0,0,0,0,1213,0,0,0,0,0,0,0,0,0,0,0,0,0,0,0,0,0,0,0,0,0,0,0,0,0,0,0,0,0,0,0,0,0,0,0,0,0,0,0,0,0,0,0,0,0,0,0,0,0,0,0,0,0,0,0,0,0,0,0,0,0,0,0,0,0,0,0,0,0,0,0,0,0,0,0,0,0,0,0,0,0,0,0,1865,0,0,0,0,0,0,0,0,0,0,0,1861,0,0,0,0,0,0,0,0,0,0,0
194,20241024-172556,7810,1947,0,0,0,0,0,0,0,0,0,0,0,1209,0,0,0,0,0,0,0,0,0,0,0,0,0,0,0,0,0,0,0,0,0,0,0,0,0,0,0,0,0,0,0,0,0,0,0,0,0,0,0,0,0,0,0,0,0,0,0,0,0,0,0,0,0,0,0,0,0,0,0,0,0,0,0,0,0,0,0,0,0,0,0,0,0,0,0,0,0,0,0,0,0,0,0,1867,0,0,0,0,0,0,0,0,0,0,0,1879,0,0,0,0,0,0,0,0,0,0,0
195,20241024-172556,7843,1950,0,0,0,0,0,0,0,0,0,0,0,1225,0,0,0,0,0,0,0,0,0,0,0,0,0,0,0,0,0,0,0,0,0,0,0,0,0,0,0,0,0,0,0,0,0,0,0,0,0,0,0,0,0,0,0,0,0,0,0,0,0,0,0,0,0,0,0,0,0,0,0,0,0,0,0,0,0,0,0,0,0,0,0,0,0,0,0,0,0,0,0,0,0,0,0,1877,0,0,0,0,0,0,0,0,0,0,0,1879,0,0,0,0,0,0,0,0,0,0,0
196,20241024-172556,7893,1939,0,0,0,0,0,0,0,0,0,0,0,1227,0,0,0,0,0,0,0,0,0,0,0,0,0,0,0,0,0,0,0,0,0,0,0,0,0,0,0,0,0,0,0,0,0,0,0,0,0,0,0,0,0,0,0,0,0,0,0,0,0,0,0,0,0,0,0,0,0,0,0,0,0,0,0,0,0,0,0,0,0,0,0,0,0,0,0,0,0,0,0,0,0,0,0,1875,0,0,0,0,0,0,0,0,0,0,0,1879,0,0,0,0,0,0,0,0,0,0,0
197,20241024-172556,7942,1939,0,0,0,0,0,0,0,0,0,0,0,1229,0,0,0,0,0,0,0,0,0,0,0,0,0,0,0,0,0,0,0,0,0,0,0,0,0,0,0,0,0,0,0,0,0,0,0,0,0,0,0,0,0,0,0,0,0,0,0,0,0,0,0,0,0,0,0,0,0,0,0,0,0,0,0,0,0,0,0,0,0,0,0,0,0,0,0,0,0,0,0,0,0,0,0,1865,0,0,0,0,0,0,0,0,0,0,0,1881,0,0,0,0,0,0,0,0,0,0,0
198,20241024-172556,7977,1951,0,0,0,0,0,0,0,0,0,0,0,1230,0,0,0,0,0,0,0,0,0,0,0,0,0,0,0,0,0,0,0,0,0,0,0,0,0,0,0,0,0,0,0,0,0,0,0,0,0,0,0,0,0,0,0,0,0,0,0,0,0,0,0,0,0,0,0,0,0,0,0,0,0,0,0,0,0,0,0,0,0,0,0,0,0,0,0,0,0,0,0,0,0,0,0,1871,0,0,0,0,0,0,0,0,0,0,0,1894,0,0,0,0,0,0,0,0,0,0,0
199,20241024-172556,8030,1945,0,0,0,0,0,0,0,0,0,0,0,1229,0,0,0,0,0,0,0,0,0,0,0,0,0,0,0,0,0,0,0,0,0,0,0,0,0,0,0,0,0,0,0,0,0,0,0,0,0,0,0,0,0,0,0,0,0,0,0,0,0,0,0,0,0,0,0,0,0,0,0,0,0,0,0,0,0,0,0,0,0,0,0,0,0,0,0,0,0,0,0,0,0,0,0,1867,0,0,0,0,0,0,0,0,0,0,0,1891,0,0,0,0,0,0,0,0,0,0,0
200,20241024-172556,8062,1944,0,0,0,0,0,0,0,0,0,0,0,1231,0,0,0,0,0,0,0,0,0,0,0,0,0,0,0,0,0,0,0,0,0,0,0,0,0,0,0,0,0,0,0,0,0,0,0,0,0,0,0,0,0,0,0,0,0,0,0,0,0,0,0,0,0,0,0,0,0,0,0,0,0,0,0,0,0,0,0,0,0,0,0,0,0,0,0,0,0,0,0,0,0,0,0,1870,0,0,0,0,0,0,0,0,0,0,0,1885,0,0,0,0,0,0,0,0,0,0,0
201,20241024-172556,8097,1945,0,0,0,0,0,0,0,0,0,0,0,1231,0,0,0,0,0,0,0,0,0,0,0,0,0,0,0,0,0,0,0,0,0,0,0,0,0,0,0,0,0,0,0,0,0,0,0,0,0,0,0,0,0,0,0,0,0,0,0,0,0,0,0,0,0,0,0,0,0,0,0,0,0,0,0,0,0,0,0,0,0,0,0,0,0,0,0,0,0,0,0,0,0,0,0,1869,0,0,0,0,0,0,0,0,0,0,0,1887,0,0,0,0,0,0,0,0,0,0,0
202,20241024-172556,8146,1949,0,0,0,0,0,0,0,0,0,0,0,1215,0,0,0,0,0,0,0,0,0,0,0,0,0,0,0,0,0,0,0,0,0,0,0,0,0,0,0,0,0,0,0,0,0,0,0,0,0,0,0,0,0,0,0,0,0,0,0,0,0,0,0,0,0,0,0,0,0,0,0,0,0,0,0,0,0,0,0,0,0,0,0,0,0,0,0,0,0,0,0,0,0,0,0,1869,0,0,0,0,0,0,0,0,0,0,0,1894,0,0,0,0,0,0,0,0,0,0,0
203,20241024-172556,8185,1951,0,0,0,0,0,0,0,0,0,0,0,1221,0,0,0,0,0,0,0,0,0,0,0,0,0,0,0,0,0,0,0,0,0,0,0,0,0,0,0,0,0,0,0,0,0,0,0,0,0,0,0,0,0,0,0,0,0,0,0,0,0,0,0,0,0,0,0,0,0,0,0,0,0,0,0,0,0,0,0,0,0,0,0,0,0,0,0,0,0,0,0,0,0,0,0,1874,0,0,0,0,0,0,0,0,0,0,0,1895,0,0,0,0,0,0,0,0,0,0,0
204,20241024-172556,8212,1949,0,0,0,0,0,0,0,0,0,0,0,1231,0,0,0,0,0,0,0,0,0,0,0,0,0,0,0,0,0,0,0,0,0,0,0,0,0,0,0,0,0,0,0,0,0,0,0,0,0,0,0,0,0,0,0,0,0,0,0,0,0,0,0,0,0,0,0,0,0,0,0,0,0,0,0,0,0,0,0,0,0,0,0,0,0,0,0,0,0,0,0,0,0,0,0,1885,0,0,0,0,0,0,0,0,0,0,0,1891,0,0,0,0,0,0,0,0,0,0,0
205,20241024-172556,8246,1947,0,0,0,0,0,0,0,0,0,0,0,1223,0,0,0,0,0,0,0,0,0,0,0,0,0,0,0,0,0,0,0,0,0,0,0,0,0,0,0,0,0,0,0,0,0,0,0,0,0,0,0,0,0,0,0,0,0,0,0,0,0,0,0,0,0,0,0,0,0,0,0,0,0,0,0,0,0,0,0,0,0,0,0,0,0,0,0,0,0,0,0,0,0,0,0,1862,0,0,0,0,0,0,0,0,0,0,0,1895,0,0,0,0,0,0,0,0,0,0,0
206,20241024-172556,8316,1951,0,0,0,0,0,0,0,0,0,0,0,1223,0,0,0,0,0,0,0,0,0,0,0,0,0,0,0,0,0,0,0,0,0,0,0,0,0,0,0,0,0,0,0,0,0,0,0,0,0,0,0,0,0,0,0,0,0,0,0,0,0,0,0,0,0,0,0,0,0,0,0,0,0,0,0,0,0,0,0,0,0,0,0,0,0,0,0,0,0,0,0,0,0,0,0,1869,0,0,0,0,0,0,0,0,0,0,0,1899,0,0,0,0,0,0,0,0,0,0,0
207,20241024-172556,8349,1946,0,0,0,0,0,0,0,0,0,0,0,1235,0,0,0,0,0,0,0,0,0,0,0,0,0,0,0,0,0,0,0,0,0,0,0,0,0,0,0,0,0,0,0,0,0,0,0,0,0,0,0,0,0,0,0,0,0,0,0,0,0,0,0,0,0,0,0,0,0,0,0,0,0,0,0,0,0,0,0,0,0,0,0,0,0,0,0,0,0,0,0,0,0,0,0,1883,0,0,0,0,0,0,0,0,0,0,0,1895,0,0,0,0,0,0,0,0,0,0,0
208,20241024-172556,8386,1939,0,0,0,0,0,0,0,0,0,0,0,1235,0,0,0,0,0,0,0,0,0,0,0,0,0,0,0,0,0,0,0,0,0,0,0,0,0,0,0,0,0,0,0,0,0,0,0,0,0,0,0,0,0,0,0,0,0,0,0,0,0,0,0,0,0,0,0,0,0,0,0,0,0,0,0,0,0,0,0,0,0,0,0,0,0,0,0,0,0,0,0,0,0,0,0,1886,0,0,0,0,0,0,0,0,0,0,0,1893,0,0,0,0,0,0,0,0,0,0,0
209,20241024-172556,8430,1939,0,0,0,0,0,0,0,0,0,0,0,1228,0,0,0,0,0,0,0,0,0,0,0,0,0,0,0,0,0,0,0,0,0,0,0,0,0,0,0,0,0,0,0,0,0,0,0,0,0,0,0,0,0,0,0,0,0,0,0,0,0,0,0,0,0,0,0,0,0,0,0,0,0,0,0,0,0,0,0,0,0,0,0,0,0,0,0,0,0,0,0,0,0,0,0,1876,0,0,0,0,0,0,0,0,0,0,0,1895,0,0,0,0,0,0,0,0,0,0,0
210,20241024-172556,8467,1937,0,0,0,0,0,0,0,0,0,0,0,1225,0,0,0,0,0,0,0,0,0,0,0,0,0,0,0,0,0,0,0,0,0,0,0,0,0,0,0,0,0,0,0,0,0,0,0,0,0,0,0,0,0,0,0,0,0,0,0,0,0,0,0,0,0,0,0,0,0,0,0,0,0,0,0,0,0,0,0,0,0,0,0,0,0,0,0,0,0,0,0,0,0,0,0,1884,0,0,0,0,0,0,0,0,0,0,0,1895,0,0,0,0,0,0,0,0,0,0,0
211,20241024-172556,8497,1931,0,0,0,0,0,0,0,0,0,0,0,1228,0,0,0,0,0,0,0,0,0,0,0,0,0,0,0,0,0,0,0,0,0,0,0,0,0,0,0,0,0,0,0,0,0,0,0,0,0,0,0,0,0,0,0,0,0,0,0,0,0,0,0,0,0,0,0,0,0,0,0,0,0,0,0,0,0,0,0,0,0,0,0,0,0,0,0,0,0,0,0,0,0,0,0,1884,0,0,0,0,0,0,0,0,0,0,0,1895,0,0,0,0,0,0,0,0,0,0,0
212,20241024-172557,8533,1929,0,0,0,0,0,0,0,0,0,0,0,1228,0,0,0,0,0,0,0,0,0,0,0,0,0,0,0,0,0,0,0,0,0,0,0,0,0,0,0,0,0,0,0,0,0,0,0,0,0,0,0,0,0,0,0,0,0,0,0,0,0,0,0,0,0,0,0,0,0,0,0,0,0,0,0,0,0,0,0,0,0,0,0,0,0,0,0,0,0,0,0,0,0,0,0,1885,0,0,0,0,0,0,0,0,0,0,0,1895,0,0,0,0,0,0,0,0,0,0,0
213,20241024-172557,8583,1929,0,0,0,0,0,0,0,0,0,0,0,1224,0,0,0,0,0,0,0,0,0,0,0,0,0,0,0,0,0,0,0,0,0,0,0,0,0,0,0,0,0,0,0,0,0,0,0,0,0,0,0,0,0,0,0,0,0,0,0,0,0,0,0,0,0,0,0,0,0,0,0,0,0,0,0,0,0,0,0,0,0,0,0,0,0,0,0,0,0,0,0,0,0,0,0,1881,0,0,0,0,0,0,0,0,0,0,0,1891,0,0,0,0,0,0,0,0,0,0,0
214,20241024-172557,8612,1931,0,0,0,0,0,0,0,0,0,0,0,1222,0,0,0,0,0,0,0,0,0,0,0,0,0,0,0,0,0,0,0,0,0,0,0,0,0,0,0,0,0,0,0,0,0,0,0,0,0,0,0,0,0,0,0,0,0,0,0,0,0,0,0,0,0,0,0,0,0,0,0,0,0,0,0,0,0,0,0,0,0,0,0,0,0,0,0,0,0,0,0,0,0,0,0,1881,0,0,0,0,0,0,0,0,0,0,0,1891,0,0,0,0,0,0,0,0,0,0,0
215,20241024-172557,8647,1930,0,0,0,0,0,0,0,0,0,0,0,1227,0,0,0,0,0,0,0,0,0,0,0,0,0,0,0,0,0,0,0,0,0,0,0,0,0,0,0,0,0,0,0,0,0,0,0,0,0,0,0,0,0,0,0,0,0,0,0,0,0,0,0,0,0,0,0,0,0,0,0,0,0,0,0,0,0,0,0,0,0,0,0,0,0,0,0,0,0,0,0,0,0,0,0,1885,0,0,0,0,0,0,0,0,0,0,0,1886,0,0,0,0,0,0,0,0,0,0,0
216,20241024-172557,8717,1930,0,0,0,0,0,0,0,0,0,0,0,1225,0,0,0,0,0,0,0,0,0,0,0,0,0,0,0,0,0,0,0,0,0,0,0,0,0,0,0,0,0,0,0,0,0,0,0,0,0,0,0,0,0,0,0,0,0,0,0,0,0,0,0,0,0,0,0,0,0,0,0,0,0,0,0,0,0,0,0,0,0,0,0,0,0,0,0,0,0,0,0,0,0,0,0,1894,0,0,0,0,0,0,0,0,0,0,0,1879,0,0,0,0,0,0,0,0,0,0,0
217,20241024-172557,8750,1935,0,0,0,0,0,0,0,0,0,0,0,1226,0,0,0,0,0,0,0,0,0,0,0,0,0,0,0,0,0,0,0,0,0,0,0,0,0,0,0,0,0,0,0,0,0,0,0,0,0,0,0,0,0,0,0,0,0,0,0,0,0,0,0,0,0,0,0,0,0,0,0,0,0,0,0,0,0,0,0,0,0,0,0,0,0,0,0,0,0,0,0,0,0,0,0,1899,0,0,0,0,0,0,0,0,0,0,0,1877,0,0,0,0,0,0,0,0,0,0,0
218,20241024-172557,8782,1933,0,0,0,0,0,0,0,0,0,0,0,1225,0,0,0,0,0,0,0,0,0,0,0,0,0,0,0,0,0,0,0,0,0,0,0,0,0,0,0,0,0,0,0,0,0,0,0,0,0,0,0,0,0,0,0,0,0,0,0,0,0,0,0,0,0,0,0,0,0,0,0,0,0,0,0,0,0,0,0,0,0,0,0,0,0,0,0,0,0,0,0,0,0,0,0,1900,0,0,0,0,0,0,0,0,0,0,0,1871,0,0,0,0,0,0,0,0,0,0,0
219,20241024-172557,8829,1934,0,0,0,0,0,0,0,0,0,0,0,1225,0,0,0,0,0,0,0,0,0,0,0,0,0,0,0,0,0,0,0,0,0,0,0,0,0,0,0,0,0,0,0,0,0,0,0,0,0,0,0,0,0,0,0,0,0,0,0,0,0,0,0,0,0,0,0,0,0,0,0,0,0,0,0,0,0,0,0,0,0,0,0,0,0,0,0,0,0,0,0,0,0,0,0,1895,0,0,0,0,0,0,0,0,0,0,0,1871,0,0,0,0,0,0,0,0,0,0,0
